1,Avatar,2923706026
2,Avengers: Endgame,2799439100
3,Avatar: The Way of Water,2320250281
4,Titanic,2264743305
5,Star Wars: Episode VII - The Force Awakens,2071310218
6,Avengers: Infinity War,2052415039
7,Spider-Man: No Way Home,1921847111
8,Jurassic World,1671537444
9,The Lion King,1663075401
10,The Avengers,1520538536
11,Furious 7,1515341399
12,Top Gun: Maverick,1495696292
13,Frozen II,1453683476
14,Avengers: Age of Ultron,1405018048
15,Black Panther,1349926083
16,Harry Potter and the Deathly Hallows: Part 2,1342359942
17,Star Wars: Episode VIII - The Last Jedi,1334407706
18,The Super Mario Bros. Movie,1330114078
19,Jurassic World: Fallen Kingdom,1310466296
20,Frozen,1284540518
21,Beauty and the Beast,1266115964
22,Incredibles 2,1243225667
23,The Fate of the Furious,1236005118
24,Iron Man 3,1215577205
25,Minions,1159444662
26,Captain America: Civil War,1155046416
27,Aquaman,1148528393
28,The Lord of the Rings: The Return of the King,1147633833
29,Skyfall,1142471295
30,Spider-Man: Far from Home,1131927996
31,Captain Marvel,1131416446
32,Transformers: Dark of the Moon,1123794079
33,Jurassic Park,1109802321
34,Transformers: Age of Extinction,1104054072
35,The Dark Knight Rises,1081169825
36,Star Wars: Episode IX - The Rise of Skywalker,1077022372
37,Joker,1074458282
38,Toy Story 4,1073841394
39,Toy Story 3,1067316101
40,Pirates of the Caribbean: Dead Man's Chest,1066179747
41,Rogue One: A Star Wars Story,1058682142
42,Aladdin,1054304000
43,Pirates of the Caribbean: On Stranger Tides,1046721266
44,Despicable Me 3,1034800131
45,Finding Dory,1029266989
46,Star Wars: Episode I - The Phantom Menace,1027082707
47,Zootopia,1025521689
48,Alice in Wonderland,1025468216
49,Harry Potter and the Sorcerer's Stone,1023842938
50,The Hobbit: An Unexpected Journey,1017030651
51,The Dark Knight,1006234167
52,Jurassic World: Dominion,1001978080
53,Jumanji: Welcome to the Jungle,995339117
54,Harry Potter and the Deathly Hallows: Part 1,977070383
55,Despicable Me 2,970766005
56,The Lion King,968511805
57,The Jungle Book,967724775
58,The Hobbit: The Battle of the Five Armies,962201338
59,Pirates of the Caribbean: At World's End,961691209
60,The Hobbit: The Desolation of Smaug,959027992
61,Doctor Strange in the Multiverse of Madness,955775804
62,The Lord of the Rings: The Two Towers,947944270
63,Harry Potter and the Order of the Phoenix,942278045
64,Finding Nemo,941637960
65,Minions: The Rise of Gru,939628210
66,Harry Potter and the Half-Blood Prince,934519387
67,Shrek 2,928760770
68,Harry Potter and the Chamber of Secrets,925668380
69,Bohemian Rhapsody,910809311
70,The Battle at Lake Changjin,902548476
71,The Lord of the Rings: The Fellowship of the Ring,898204420
72,Harry Potter and the Goblet of Fire,896815106
73,Spider-Man 3,894983373
74,The Secret Life of Pets,894328469
75,Ice Age: Dawn of the Dinosaurs,886686817
76,Spectre,880705312
77,Spider-Man: Homecoming,880166924
78,Ice Age: Continental Drift,877244782
79,Batman v Superman: Dawn of Justice,873637528
80,Inception,870795362
81,Wolf Warrior 2,870325439
82,Star Wars: Episode III - Revenge of the Sith,868390560
83,The Hunger Games: Catching Fire,865011746
84,Guardians of the Galaxy Vol. 2,863756051
85,Black Panther: Wakanda Forever,859208836
86,Inside Out,858848019
87,Venom,856085151
88,Thor: Ragnarok,855301806
89,The Twilight Saga: Breaking Dawn - Part 2,848593948
90,Transformers: Revenge of the Fallen,836303693
91,Spider-Man,825025036
92,Guardians of the Galaxy Vol. 3,823828079
93,Wonder Woman,822854286
94,"Hi, Mom",822009764
95,Independence Day,817400891
96,Coco,814337054
97,Fantastic Beasts and Where to Find Them,814044001
98,Shrek the Third,813367380
99,Jumanji: The Next Level,801693929
100,Harry Potter and the Prisoner of Azkaban,797660766
101,Pirates of the Caribbean: Dead Men Tell No Tales,795922298
102,E.T. the Extra-Terrestrial,792910554
103,Mission: Impossible - Fallout,791657398
104,2012,791217826
105,Indiana Jones and the Kingdom of the Crystal Skull,790653942
106,Spider-Man 2,788976453
107,Fast & Furious 6,788680968
108,Deadpool 2,785896609
109,Deadpool,782836791
110,Star Wars: Episode IV - A New Hope,775398007
111,No Time to Die,774153007
112,Interstellar,773430538
113,Guardians of the Galaxy,773350147
114,The Batman,770962583
115,Thor: Love and Thunder,760928081
116,Fast & Furious Presents: Hobbs & Shaw,760732926
117,The Da Vinci Code,760006945
118,Maleficent,759853685
119,The Amazing Spider-Man,757930663
120,The Hunger Games: Mockingjay - Part 1,755356711
121,Shrek Forever After,752600867
122,Gravity,748049949
123,Madagascar 3: Europe's Most Wanted,746921274
124,Suicide Squad,746846894
125,X-Men: Days of Future Past,746045700
126,"The Chronicles of Narnia: The Lion, the Witch and the Wardrobe",745013115
127,Monsters University,743559645
128,The Matrix Reloaded,741847937
129,Up,735099102
130,Ne Zha,726264074
131,F9: The Fast Saga,726229501
132,Captain America: The Winter Soldier,714421503
133,The Twilight Saga: Breaking Dawn - Part 1,712205856
134,The Twilight Saga: New Moon,711025481
135,Dawn of the Planet of the Apes,710644566
136,Transformers,709709780
137,The Amazing Spider-Man 2,708982323
138,It,701842551
139,The Wandering Earth,699992512
140,The Twilight Saga: Eclipse,698509825
141,Mission: Impossible - Ghost Protocol,694713380
142,Mamma Mia!,694476782
143,The Hunger Games,694394724
144,Detective Chinatown 3,686257563
145,Mission: Impossible - Rogue Nation,682716636
146,Moana,682685900
147,Fast X,679140135
148,Forrest Gump,678226465
149,Doctor Strange,677796076
150,The Sixth Sense,672806432
151,Man of Steel,668045518
152,Ice Age: The Meltdown,667094506
153,Kung Fu Panda 2,665692281
154,Justice League,657926987
155,Big Hero 6,657869686
156,Fantastic Beasts: The Crimes of Grindelwald,654855901
157,Pirates of the Caribbean: The Curse of the Black Pearl,654264015
158,Men in Black 3,654213485
159,Star Wars: Episode II - Attack of the Clones,653779970
160,The Hunger Games: Mockingjay - Part 2,653428261
161,Thor: The Dark World,644783140
162,Sing,634338384
163,Kung Fu Panda,632083197
164,The Incredibles,631607053
165,The Martian,630620818
166,Hancock,629443428
167,Water Gate Bridge,626571697
168,Fast Five,626137675
169,Iron Man 2,623933331
170,Ratatouille,623726085
171,Ant-Man and the Wasp,622674139
172,How to Train Your Dragon 2,621537519
173,Logan,619179950
174,The Lost World: Jurassic Park,618638999
175,Casino Royale,616505162
176,The Passion of the Christ,612054506
177,Life of Pi,609016565
178,Ready Player One,607274134
179,Transformers: The Last Knight,605425157
180,Madagascar: Escape 2 Africa,603900354
181,War of the Worlds,603873119
182,Tangled,592462816
183,Quantum of Solace,589580482
184,Men in Black,589390539
185,The Croods,587235983
186,The Hangover Part II,586764305
187,Iron Man,585796247
188,I Am Legend,585410052
189,"Monsters, Inc.",579707738
190,Operation Red Sea,579330426
191,Night at the Museum,574481229
192,Fifty Shades of Grey,569651467
193,Kong: Skull Island,566652812
194,The Smurfs,563749323
195,Cars 2,559852396
196,King Kong,556906378
197,Puss in Boots,554987477
198,The Mermaid,553810228
199,Armageddon,553709788
200,The Day After Tomorrow,552639571
201,Ted,549368315
202,American Sniper,547459020
203,Mission: Impossible II,546388108
204,Detective Chinatown 2,544185156
205,X-Men: Apocalypse,543934105
206,Sherlock Holmes: A Game of Shadows,543848418
207,Despicable Me,543157985
208,Cinderella,542358331
209,Madagascar,542063846
210,World War Z,540455876
211,Brave,538983207
212,Star Wars: Episode V - The Empire Strikes Back,538375067
213,The Simpsons Movie,536414293
214,The Revenant,532950503
215,The Meg,530517320
216,Ralph Breaks the Internet,529323962
217,Hotel Transylvania 3: Summer Vacation,528583774
218,The Boss Baby,527965936
219,Dunkirk,527016307
220,The Grinch,526760632
221,Godzilla,524976069
222,How to Train Your Dragon: The Hidden World,524580592
223,Sherlock Holmes,524028679
224,Meet the Fockers,522657936
225,WALL·E,521311890
226,Kung Fu Panda 3,521170825
227,Terminator 2: Judgment Day,520881154
228,Ant-Man,519311965
229,Venom: Let There Be Carnage,506863592
230,Ghost,505703557
231,Aladdin,504050219
232,Spider-Man: Across the Spider-Verse,503365569
233,Gladiator,503162313
234,Rio 2,498781117
235,Troy,497409852
236,Toy Story 2,497375381
237,How to Train Your Dragon,494879471
238,Twister,494580615
239,Oz the Great and Powerful,493311825
240,Clash of the Titans,493214993
241,Maleficent: Mistress of Evil,491730089
242,War for the Planet of the Apes,490719763
243,Shrek,488441368
244,Mr. & Mrs. Smith,487287646
245,Angels & Demons,485930816
246,Teenage Mutant Ninja Turtles,485004754
247,Bruce Almighty,484592874
248,The King's Speech,484068861
249,Rio,483866772
250,Saving Private Ryan,482349603
251,Rise of the Planet of the Apes,481800873
252,Puss in Boots: The Last Wish,480962287
253,Home Alone,476684675
254,Jaws,476512065
255,Ant-Man and the Wasp: Quantumania,476071180
256,Hotel Transylvania 2,475186706
257,Star Wars: Episode VI - Return of the Jedi,475106177
258,Charlie and the Chocolate Factory,474968763
259,Indiana Jones and the Last Crusade,474171806
260,San Andreas,474009154
261,It Chapter Two,473122525
262,The Little Mermaid,472768383
263,La La Land,471980202
264,Wreck-It Ralph,471222889
265,Godzilla vs. Kong,470116094
266,The Hangover,469328079
267,Lucy,469058574
268,The Lego Movie,468266122
269,Bumblebee,467989645
270,Star Trek Into Darkness,467365246
271,The Matrix,467222728
272,Pretty Woman,463406268
273,Cars,461991867
274,The Eight Hundred,461421559
275,X-Men: The Last Stand,460435291
276,Moon Man,460237662
277,National Treasure: Book of Secrets,459242249
278,Mission: Impossible,457696391
279,300,456082343
280,The Last Samurai,454627263
281,Demon Slayer the Movie: Mugen Train,453210959
282,Dying to Survive,451183391
283,Ocean's Eleven,450717150
284,"My People, My Country",450064993
285,Pokémon: Detective Pikachu,449762638
286,Thor,449326618
287,Pearl Harbor,449220945
288,Tarzan,448191819
289,Men in Black II,445135288
290,The Bourne Ultimatum,444100035
291,The Mummy Returns,443280904
292,Alvin and the Chipmunks: The Squeakquel,443140005
293,Les Misérables,442299309
294,The Exorcist,441306145
295,Mrs. Doubtfire,441286195
296,Terminator Genisys,440603537
297,Warcraft,439048914
298,A Star Is Born,436233122
299,The Greatest Showman,435732529
300,Terminator 3: Rise of the Machines,433371112
301,Shang-Chi and the Legend of the Ten Rings,432243292
302,Die Another Day,431971116
303,The Secret Life of Pets 2,431058542
304,Cast Away,429632142
305,Rampage,428028233
306,John Wick: Chapter 4,427834403
307,The Matrix Revolutions,427344325
308,The Intouchables,426588510
309,Bad Boys for Life,426505244
310,Django Unchained,426074373
311,Beauty and the Beast,424967620
312,Dances with Wolves,424208848
313,"My People, My Homeland",422390820
314,The Chronicles of Narnia: Prince Caspian,419665568
315,Sex and the City,418765519
316,The Captain,417282021
317,The Mummy,415933406
318,The Chronicles of Narnia: The Voyage of the Dawn Treader,415686217
319,Jason Bourne,415484914
320,The Wolverine,414828246
321,Kingsman: The Secret Service,414351546
322,Night at the Museum: Battle of the Smithsonian,413106170
323,Batman,411569241
324,The Bodyguard,411046449
325,Pacific Rim,411002906
326,Kingsman: The Golden Circle,410902662
327,The Mummy,409231607
328,Ice Age: Collision Course,408754975
329,Twilight,408430415
330,Sing 2,408400679
331,Signs,408247917
332,X2: X-Men United,407711549
333,Fantastic Beasts: The Secrets of Dumbledore,407150844
334,Uncharted,407141258
335,The Wolf of Wall Street,406878233
336,Sonic the Hedgehog 2,405421518
337,Alita: Battle Angel,404980543
338,The Mummy: Tomb of the Dragon Emperor,403449830
339,Prometheus,403354469
340,Gone with the Wind,402382193
341,Mamma Mia! Here We Go Again,402264843
342,Eternals,402064899
343,Dune: Part One,402027830
344,TRON: Legacy,400063852
345,Mission: Impossible III,398479497
346,Snow White and the Huntsman,396592829
347,Grease,396271103
348,Toy Story,394436586
349,Black Adam,393252111
350,Solo: A Star Wars Story,392924807
351,Superman Returns,391081192
352,Robin Hood: Prince of Thieves,390493908
353,Indiana Jones and the Raiders of the Lost Ark,389925971
354,Independence Day: Resurgence,389681935
355,Live Free or Die Hard,388156011
356,Monster Hunt,387053506
357,Godzilla: King of the Monsters,386600138
358,Home,386041607
359,Star Trek,385680446
360,1917,384577421
361,Happy Feet,384336108
362,Spider-Man: Into the Spider-Verse,384256930
363,Cars 3,383930656
364,Back to the Future,383336762
365,Ice Age,383257136
366,Your Name.,382238181
367,Fifty Shades Darker,381545846
368,Monsters vs. Aliens,381509870
369,Mad Max: Fury Road,380080290
370,Black Widow,379751655
371,Godzilla,379014294
372,True Lies,378882411
373,Slumdog Millionaire,378410542
374,Once Upon a Time in Hollywood,377617598
375,Taken 2,376152455
376,G.I. Joe: Retaliation,375740705
377,Shark Tale,374583879
378,What Women Want,374111707
379,The Adventures of Tintin,373993951
380,Batman Begins,373672993
381,Penguins of Madagascar,373515621
382,X-Men Origins: Wolverine,373062864
383,The Golden Compass,372234864
384,Fifty Shades Freed,371985018
385,Hitch,371594210
386,Terminator Salvation,371353001
387,Captain America: The First Avenger,370569774
388,Edge of Tomorrow,370541256
389,There's Something About Mary,369884651
390,Gone Girl,369330363
391,The Fugitive,368875760
392,Jurassic Park III,368780809
393,My Big Fat Greek Wedding,368744044
394,Shazam!,367799011
395,Hello Mr. Billionaire,366961907
396,Die Hard with a Vengeance,366101666
397,The Nun,365582797
398,Alvin and the Chipmunks,365352546
399,Tenet,365304105
400,Notting Hill,363889678
401,A Bug's Life,363258859
402,Night at the Museum: Secret of the Tomb,363204635
403,Ocean's Twelve,362744280
404,Planet of the Apes,362211740
405,The Hangover Part III,362000072
406,The World Is Not Enough,361832400
407,Monster Hunt 2,361682618
408,Fast & Furious,360366870
409,Noah,359200044
410,The Karate Kid,359126022
411,Home Alone 2: Lost in New York,358994850
412,Hotel Transylvania,358375603
413,Minority Report,358372926
414,Top Gun,357288178
415,Spirited Away,357277400
416,The Legend of Tarzan,356700357
417,American Beauty,356296601
418,Apollo 13,355237933
419,Rain Man,354825435
420,The Great Gatsby,353659851
421,Dumbo,353284621
422,"I, Robot",353133898
423,Basic Instinct,352927224
424,Murder on the Orient Express,352794081
425,X-Men: First Class,352616690
426,The Angry Birds Movie,352333929
427,GoldenEye,352194034
428,Catch Me If You Can,352114312
429,Now You See Me,351723989
430,Hannibal,351692268
431,The Mask,351583407
432,Peter Rabbit,351496066
433,Speed,350448145
434,Dinosaur,349822765
435,Mary Poppins Returns,349546142
436,Deep Impact,349464664
437,The Lorax,349183316
438,The Maze Runner,348319861
439,The Smurfs 2,347545360
440,National Treasure,347512318
441,Rush Hour 2,347325802
442,Trolls,347182886
443,xXx: Return of Xander Cage,346118277
444,Pocahontas,346079773
445,How the Grinch Stole Christmas,345823032
446,Star Trek Beyond,343471816
447,Alvin and the Chipmunks: Chipwrecked,342695435
448,Wanted,342463063
449,The Flintstones,341631208
450,A Quiet Place,340952971
451,Enchanted,340487836
452,Over the Hedge,339795890
453,300: Rise of an Empire,337580051
454,Batman Forever,336567158
455,Prince of Persia: The Sands of Time,336365676
456,The Curious Case of Benjamin Button,335802786
457,Journey 2: The Mysterious Island,335287748
458,The Rock,335062621
459,The Great Wall,334933831
460,Now You See Me 2,334897606
461,Never Say Die,334530869
462,Bridget Jones's Diary,334272563
463,Fantastic Four,333535934
464,Indiana Jones and the Temple of Doom,333107271
465,Tomorrow Never Dies,333011068
466,Back to the Future Part II,332500002
467,The Good Dinosaur,332207671
468,Free Guy,331526598
469,22 Jump Street,331333876
470,Meet the Parents,330444045
471,Who Framed Roger Rabbit,329803958
472,Black Swan,329398046
473,The Perfect Storm,328718434
474,John Wick: Chapter 3 - Parabellum,328349387
475,Crocodile Dundee,328203506
476,Crazy Alien,327598891
477,Se7en,327333559
478,The Devil Wears Prada,326706115
479,Taken 3,326479141
480,The Hunchback of Notre Dame,325338851
481,A Christmas Carol,325286646
482,The SpongeBob Movie: Sponge Out of Water,325186032
483,Schindler's List,322161245
484,Megamind,321885765
485,The Conjuring 2,321834351
486,Green Book,321752656
487,Lethal Weapon 3,321731527
488,Robin Hood,321669741
489,Inglourious Basterds,321457747
490,101 Dalmatians,320689294
491,The Conjuring,320406242
492,Fatal Attraction,320145693
493,Sonic the Hedgehog,319715683
494,The Last Airbender,319713881
495,The Proposal,317375031
496,The Polar Express,316897787
497,A Beautiful Mind,316791257
498,Beverly Hills Cop,316360478
499,Air Force One,315156409
500,Wonder,315025930
501,The Expendables 2,314975955
502,Chicken Little,314432837
503,As Good as It Gets,314178011
504,Knives Out,312897920
505,Maze Runner: The Scorch Trials,312296056
506,Resident Evil: The Final Chapter,312242626
507,The Lego Batman Movie,312136671
508,Austin Powers: The Spy Who Shagged Me,312016928
509,Ocean's Thirteen,311312624
510,Little Fockers,310650585
511,Bolt,309979994
512,Ransom,309492681
513,Runaway Bride,309460292
514,The Blind Side,309231694
515,The Ex-File 3: Return of the Exes,307592427
516,The Fault in Our Stars,307166834
517,The Pursuit of Happyness,307127625
518,Rise of the Guardians,306941670
519,Close Encounters of the Third Kind,306889114
520,Chicago,306776732
521,Annabelle: Creation,306515884
522,Bridesmaids,306442085
523,Skyscraper,304868961
524,A Good Day to Die Hard,304654182
525,Mulan,304320254
526,Dangal,303723636
527,Passengers,303144152
528,Battleship,303025485
529,Liar Liar,302710615
530,G.I. Joe: The Rise of Cobra,302469017
531,Wrath of the Titans,301970083
532,Fantastic Four: Rise of the Silver Surfer,301913131
533,Hook,300854823
534,Superman,300478449
535,Rocky IV,300473716
536,Rambo: First Blood Part II,300400432
537,Resident Evil: Afterlife,300228084
538,Van Helsing,300157638
539,Stuart Little,300135367
540,Beverly Hills Cop II,299965036
541,Alice Through the Looking Glass,299820798
542,My Best Friend's Wedding,299288605
543,Real Steel,299268508
544,Horton Hears a Who!,298572799
545,Ocean's Eight,297795726
546,A Quiet Place Part II,297372261
547,The Divergent Series: Insurgent,297002527
548,Look Who's Talking,296999813
549,Austin Powers in Goldmember,296938801
550,Ghostbusters,296578797
551,Miss Peregrine's Home for Peculiar Children,296482446
552,X-Men,296339528
553,Ferdinand,296069199
554,Shutter Island,294805697
555,Doctor Dolittle,294456605
556,Bee Movie,293514336
557,Salt,293503354
558,G-Force,292817898
559,The Departed,291480452
560,What Lies Beneath,291420351
561,Pacific Rim: Uprising,290930148
562,The Bourne Supremacy,290835269
563,Sex and the City 2,290745055
564,Shakespeare in Love,289317794
565,Divergent,288885818
566,Coming to America,288752301
567,Elvis,288670284
568,Wedding Crashers,288485135
569,Maze Runner: The Death Cure,288175335
570,Casper,287928194
571,American Pie 2,287553595
572,Pitch Perfect 2,287144079
573,The Green Mile,286801374
574,Oblivion,286168572
575,Elysium,286140700
576,Transformers: Rise of the Beasts,285538269
577,Lethal Weapon 4,285444603
578,John Carter,284139100
579,Turbo,282570682
580,Paddington,282422653
581,The Tourist,278780441
582,Split,278454417
583,Scary Movie,278019771
584,xXx,277448382
585,The Bourne Legacy,276144750
586,Mr. Peabody & Sherman,275698039
587,Scooby-Doo,275678613
588,Lincoln,275293450
589,Creed III,275195615
590,Lara Croft: Tomb Raider,274703340
591,Tomb Raider,274650803
592,The Expendables,274470394
593,Cloudy with a Chance of Meatballs 2,274325949
594,The Nutty Professor,273961019
595,Jerry Maguire,273552592
596,Bad Boys II,273339556
597,Lilo & Stitch,273144151
598,The Silence of the Lambs,272742922
599,Grown Ups,271457301
600,Neighbors,270665134
601,The Firm,270248367
602,We're the Millers,269994119
603,Gran Torino,269958228
604,"10,000 BC",269784201
605,American Gangster,269755430
606,Epic,268426634
607,Exodus: Gods and Kings,268175631
608,Blade Runner 2049,267770708
609,Bambi,267447150
610,The Princess and the Frog,267045765
611,Batman Returns,266915287
612,Indecent Proposal,266614059
613,Something's Gotta Give,265328738
614,Bridget Jones: The Edge of Reason,265126918
615,The Incredible Hulk,264770996
616,Waterworld,264218220
617,The Truman Show,264118712
618,Charlie's Angels,264105545
619,The Fifth Element,263920180
620,Jumanji,262821940
621,Parasite,262681282
622,Borat,262552893
623,Robots,262511490
624,Knight and Day,261989769
625,Total Recall,261317921
626,This Is It,261183588
627,Terminator: Dark Fate,261119292
628,The Lone Ranger,260502115
629,Super 8,260095986
630,Halloween,259939835
631,Mojin: The Lost Legend,259368448
632,Charlie's Angels: Full Throttle,259175788
633,Rush Hour 3,258097122
634,The Full Monty,257938649
635,Kung Fu Yoga,257753889
636,Annabelle,257589721
637,Encanto,256786742
638,The Village,256697520
639,Lost in Hong Kong,256283912
640,Erin Brockovich,256271286
641,Us,256067149
642,Pegasus,255863112
643,Get Out,255745157
644,Marley & Me,255743093
645,Cliffhanger,255000211
646,Baahubali 2: The Conclusion,254158390
647,Babe,254134910
648,Men in Black: International,253890701
649,Wild Hogs,253625427
650,High School Musical 3: Senior Year,252909177
651,Hercules,252712101
652,X-Men: Dark Phoenix,252442974
653,True Grit,252276927
654,Dolittle,251410631
655,Bean,251212670
656,American Hustle,251171807
657,Enemy of the State,250849789
658,You've Got Mail,250821495
659,Eragon,250425512
660,Brother Bear,250397798
661,The Godfather,250341816
662,The Mask of Zorro,250288523
663,The Bad Guys,250162278
664,The Ring,249348933
665,The Blair Witch Project,248639099
666,Unbreakable,248118121
667,Love Actually,247933248
668,Journey to the West: The Demons Strike Back,247585244
669,Dumb and Dumber,247290327
670,Glass,246999039
671,Grown Ups 2,246984278
672,The Peanuts Movie,246233113
673,Rango,245724603
674,Four Weddings and a Funeral,245700832
675,Face/Off,245676146
676,Teenage Mutant Ninja Turtles: Out of the Shadows,245623848
677,Dark Shadows,245527149
678,Hulk,245285165
679,The Bravest,245179562
680,Welcome to the Sticks,245144417
681,Back to the Future Part III,245077583
682,Pixels,244874809
683,Hercules,244819862
684,Rush Hour,244721064
685,Journey to the Center of the Earth,244232688
686,After Earth,243611982
687,A Few Good Men,243240178
688,Cloudy with a Chance of Meatballs,243006126
689,8 Mile,242875078
690,Daddy's Home,242786137
691,RoboCop,242688965
692,Eraser,242295562
693,Alien: Covenant,240891763
694,Sully,240797623
695,Assassin's Creed,240697856
696,Click,240685326
697,Legend of Deification,240646355
698,Planes,240171783
699,Resident Evil: Retribution,240159255
700,Die Hard 2,240031274
701,Crocodile Dundee II,239606210
702,Bullet Train,239268602
703,Crazy Rich Asians,238843729
704,Batman & Robin,238235719
705,Howl's Moving Castle,237536126
706,Gulliver's Travels,237382724
707,Gone in 60 Seconds,237202299
708,Saturday Night Fever,237113184
709,Silver Linings Playbook,236412453
710,2 Fast 2 Furious,236350661
711,Hidden Figures,235956898
712,A.I. Artificial Intelligence,235926552
713,Dead Poets Society,235860116
714,Spy,235666219
715,American Pie,235483004
716,American Reunion,234989584
717,Big Daddy,234801895
718,Alvin and the Chipmunks: The Road Chip,234798636
719,The Imitation Game,233555708
720,Cruella,233503234
721,The Day the Earth Stood Still,233093859
722,American Wedding,232722935
723,The Girl with the Dragon Tattoo,232617430
724,Juno,232372681
725,Argo,232325503
726,Mr. Bean's Holiday,232225908
727,The English Patient,231976425
728,Sister Act,231605150
729,Annabelle Comes Home,231252591
730,Constantine,230884728
731,Get Smart,230685453
732,Space Jam,230594962
733,Life Is Beautiful,230099013
734,The Heat,229930771
735,Ghostbusters,229147509
736,Ghost Rider,228738393
737,Goodbye Mr. Loser,228122928
738,Paddington 2,227994792
739,Sleepless in Seattle,227927165
740,Lethal Weapon 2,227853986
741,The Green Hornet,227817248
742,Out of Africa,227514205
743,Elf,227356156
744,Youth,227091290
745,Baby Driver,226945087
746,Immortals,226904017
747,Taken,226837760
748,Percy Jackson & the Olympians: The Lightning Thief,226497209
749,Lightyear,226425420
750,Hansel & Gretel: Witch Hunters,226349749
751,Valerian and the City of a Thousand Planets,225973340
752,Good Will Hunting,225933435
753,Better Days,225918798
754,Ford v Ferrari,225508210
755,Jumper,225132113
756,The Social Network,224920375
757,Chicken Run,224874811
758,Con Air,224012234
759,Interview with the Vampire: The Vampire Chronicles,223664608
760,Flightplan,223387299
761,Yes Man,223241637
762,Non-Stop,222809600
763,"Honey, I Shrunk the Kids",222724172
764,Fahrenheit 9/11,222446882
765,Wild Wild West,222104681
766,"My Country, My Parents",221831086
767,Geostorm,221600160
768,Presumed Innocent,221303188
769,Jungle Cruise,220889446
770,Scary Movie 3,220673217
771,Collateral,220239925
772,Inferno,220021259
773,Knocked Up,219922417
774,Green Lantern,219851172
775,What Happens in Vegas,219375562
776,It's Complicated,219103655
777,The Terminal,219100084
778,Little Women,218843645
779,Captain Phillips,218791811
780,The Prince of Egypt,218613188
781,Jack Reacher,218340595
782,Kingdom of Heaven,218122627
783,The Emoji Movie,217776646
784,Smile,217408513
785,Too Cool to Kill,217254604
786,Dracula Untold,217124280
787,Central Intelligence,216972543
788,Million Dollar Baby,216763646
789,The Help,216639112
790,Twins,216614388
791,Valentine's Day,216528528
792,Bad Teacher,216197492
793,A Little Red Flower,216000000
794,The Croods: A New Age,215905815
795,Clear and Present Danger,215887717
796,One Hundred and One Dalmatians,215880014
797,Ted 2,215863606
798,Bram Stoker's Dracula,215862692
799,Vertical Limit,215663859
800,Ghostbusters II,215394738
801,The Patriot,215294342
802,The Sorcerer's Apprentice,215283742
803,Just Go with It,214945591
804,The Expendables 3,214657577
805,Dirty Dancing,214577242
806,Creed II,214215889
807,Smallfoot,214115531
808,Public Enemies,214104620
809,The Bourne Identity,214034224
810,Disclosure,214015089
811,"Crouching Tiger, Hidden Dragon",213977285
812,Pulp Fiction,213928762
813,The Aviator,213719942
814,Braveheart,213216216
815,Into the Woods,212902372
816,Bedtime Stories,212874864
817,Miss Congeniality,212742720
818,Entrapment,212404396
819,Ace Ventura: When Nature Calls,212385533
820,End of Days,211989043
821,Bridget Jones's Baby,211952420
822,Fury,211822697
823,Battle Los Angeles,211819354
824,Australia,211787511
825,Due Date,211780824
826,Master and Commander: The Far Side of the World,211622535
827,A Series of Unfortunate Events,211468235
828,The Little Mermaid,211343479
829,Nice View,211019042
830,District 9,210888950
831,Moonraker,210308099
832,The Others,209947037
833,Horrible Bosses,209838559
834,Us and Them,209221380
835,Red Dragon,209196298
836,Tomorrowland,209035668
837,Me Before You,208314186
838,Dungeons & Dragons: Honor Among Thieves,208177026
839,Safe House,208076205
840,S.W.A.T.,207725639
841,DC League of Super-Pets,207557117
842,The Fast and the Furious,207517509
843,Traffic,207515725
844,Paranormal Activity 3,207039844
845,Philadelphia,206678440
846,The Conjuring: The Devil Made Me Do It,206431050
847,Sleepy Hollow,206071502
848,The Holiday,205850169
849,The Jungle Book,205843612
850,Raging Fire,205842393
851,London Has Fallen,205754447
852,The Break-Up,205668210
853,Journey to the West,205637183
854,The Ugly Truth,205599393
855,JFK,205405498
856,Birds of Prey,205372791
857,White House Down,205366737
858,A Dog's Purpose,205035819
859,Ponyo,204826668
860,Fun with Dick and Jane,204681899
861,Eat Pray Love,204594016
862,The Addams Family,204394183
863,Ghostbusters: Afterlife,204334455
864,You Don't Mess with the Zohan,204313400
865,Hairspray,203627753
866,King Arthur,203567857
867,Yogi Bear,203509374
868,Everest,203427584
869,Vanilla Sky,203388341
870,Arrival,203388186
871,Need for Speed,203277636
872,Garfield,203172417
873,Patch Adams,202292902
874,Teenage Mutant Ninja Turtles,202084756
875,Kindergarten Cop,201957688
876,Straight Outta Compton,201634991
877,21 Jump Street,201585328
878,Valkyrie,201545517
879,Open Season,200811689
880,Cats & Dogs,200687492
881,The Hunt for Red October,200512643
882,Percy Jackson: Sea of Monsters,199850315
883,The Lego Movie 2: The Second Part,199603202
884,Two Weeks Notice,199043471
885,RED,199006387
886,Shock Wave 2,198921659
887,City of Angels,198685114
888,The Pacifier,198636868
889,50 First Dates,198520934
890,Total Recall,198467168
891,The Island,198326350
892,The Impossible,198087212
893,Lost in Thailand,197757387
894,Christopher Robin,197744377
895,Jack the Giant Slayer,197687603
896,Smurfs: The Lost Village,197183546
897,Chinese Doctors,197143218
898,Spy Kids 3: Game Over,197101678
899,Panic Room,197079546
900,The Other Woman,196710396
901,Stargate,196567262
902,Beowulf,196393745
903,The Vow,196114570
904,Anger Management,195745823
905,Tropic Thunder,195702963
906,The Shape of Water,195333312
907,Rocketman,195320400
908,The Pelican Brief,195268056
909,The BFG,195243411
910,Downton Abbey,194694725
911,The Intern,194564672
912,The Curse of the Were-Rabbit,194137091
913,Gnomeo & Juliet,193967670
914,The Sum of All Fears,193921372
915,Gangs of New York,193772504
916,The Post,193764664
917,The Monkey King 2,193678298
918,Paranormal Activity,193355800
919,Weathering with You,192951441
920,The Lost City,192907684
921,The Equalizer,192330738
922,Sheep Without a Shepherd,191602146
923,The Addams Family,191502426
924,The Longest Yard,191466556
925,The Santa Clause,190539357
926,Cheaper by the Dozen,190538630
927,The Equalizer 2,190400157
928,Abominable,190304772
929,Hollow Man,190213455
930,Outbreak,189859560
931,The White Storm 2: Drug Lords,189396380
932,The X Files,189176423
933,Breakup Buddies,189017596
934,Rambo III,189015611
935,The Secret Life of Walter Mitty,188133322
936,Project Gutenberg,188116796
937,Jaws 2,187884007
938,12 Years a Slave,187733202
939,Heat,187436818
940,Mr. Popper's Penguins,187361754
941,The Grudge,187281115
942,One Piece Film: Red,187170704
943,I Now Pronounce You Chuck & Larry,187134117
944,The Horse Whisperer,186883563
945,Walk the Line,186797986
946,Jian Bing Man,186699768
947,The Jungle Book 2,186303759
948,The Final Destination,186167139
949,Atlantis: The Lost Empire,186053725
950,Inside Man,186003591
951,The Waterboy,185991646
952,Hugo,185770310
953,Pitch Perfect 3,185400345
954,Watchmen,185382813
955,The Birdcage,185260553
956,Moulin Rouge!,184928542
957,Snow White and the Seven Dwarfs,184925486
958,Ode to My Father,184827559
959,Hop,184367145
960,Bad Moms,183936074
961,Jupiter Ascending,183887723
962,Knowing,183658498
963,102 Dalmatians,183611771
964,Storks,183510278
965,Stand by Me Doraemon,183442714
966,The Hitman's Bodyguard,183428689
967,Paul Blart: Mall Cop,183348429
968,Wayne's World,183097323
969,Maverick,183031272
970,Mirror Mirror,183018522
971,The Man in the Iron Mask,182968902
972,Cape Fear,182291969
973,The Haunted Mansion,182290266
974,The Monkey King: Havoc in Heaven's Palace,182206924
975,While You Were Sleeping,182057016
976,The Bridges of Madison County,182016617
977,From Vegas to Macau III,181732879
978,Poseidon,181674817
979,The First Wives Club,181489203
980,Cliff Walkers,181325565
981,Scooby-Doo 2: Monsters Unleashed,181239132
982,Hot Shots!,181096164
983,Road to Perdition,181001478
984,Kill Bill: Vol. 1,180906076
985,The Scorpion King,180630907
986,Sweet Home Alabama,180622424
987,Daddy's Home 2,180613824
988,Hacksaw Ridge,180563636
989,Deja Vu,180557550
990,Dangerous Minds,179519401
991,The Dictator,179379533
992,The League of Extraordinary Gentlemen,179265204
993,Allegiant,179246868
994,Daredevil,179179718
995,City Slickers,179033791
996,He's Just Not That Into You,178866158
997,M3GAN,178806350
998,Eagle Eye,178767383
999,Along Came Polly,178311729
"1,000",Flushed Away,178281554
