title_id,genre
tt0499549,Action
tt0499549,Adventure
tt0499549,Fantasy
tt4154796,Action
tt4154796,Adventure
tt4154796,Drama
tt1630029,Action
tt1630029,Adventure
tt1630029,Fantasy
tt0120338,Drama
tt0120338,Romance
tt2488496,Action
tt2488496,Adventure
tt2488496,Sci-Fi
tt4154756,Action
tt4154756,Adventure
tt4154756,Sci-Fi
tt10872600,Action
tt10872600,Adventure
tt10872600,Fantasy
tt0369610,Action
tt0369610,Adventure
tt0369610,Sci-Fi
tt6105098,Animation
tt6105098,Adventure
tt6105098,Drama
tt0848228,Action
tt0848228,Sci-Fi
tt2820852,Action
tt2820852,Crime
tt2820852,Thriller
tt1745960,Action
tt1745960,Drama
tt4520988,Animation
tt4520988,Adventure
tt4520988,Comedy
tt2395427,Action
tt2395427,Adventure
tt2395427,Sci-Fi
tt1825683,Action
tt1825683,Adventure
tt1825683,Sci-Fi
tt1201607,Adventure
tt1201607,Family
tt1201607,Fantasy
tt2527336,Action
tt2527336,Adventure
tt2527336,Fantasy
tt6718170,Animation
tt6718170,Adventure
tt6718170,Comedy
tt4881806,Action
tt4881806,Adventure
tt4881806,Sci-Fi
tt2294629,Animation
tt2294629,Adventure
tt2294629,Comedy
tt2771200,Adventure
tt2771200,Family
tt2771200,Fantasy
tt3606756,Animation
tt3606756,Action
tt3606756,Adventure
tt4630562,Action
tt4630562,Crime
tt4630562,Thriller
tt1300854,Action
tt1300854,Adventure
tt1300854,Sci-Fi
tt2293640,Animation
tt2293640,Adventure
tt2293640,Comedy
tt3498820,Action
tt3498820,Sci-Fi
tt1477834,Action
tt1477834,Adventure
tt1477834,Fantasy
tt0167260,Action
tt0167260,Adventure
tt0167260,Drama
tt1074638,Action
tt1074638,Adventure
tt1074638,Thriller
tt6320628,Action
tt6320628,Adventure
tt6320628,Comedy
tt4154664,Action
tt4154664,Adventure
tt4154664,Sci-Fi
tt1399103,Action
tt1399103,Adventure
tt1399103,Sci-Fi
tt0107290,Action
tt0107290,Adventure
tt0107290,Sci-Fi
tt2109248,Action
tt2109248,Adventure
tt2109248,Sci-Fi
tt1345836,Action
tt1345836,Drama
tt1345836,Thriller
tt2527338,Action
tt2527338,Adventure
tt2527338,Fantasy
tt7286456,Crime
tt7286456,Drama
tt7286456,Thriller
tt1979376,Animation
tt1979376,Adventure
tt1979376,Comedy
tt0435761,Animation
tt0435761,Adventure
tt0435761,Comedy
tt0383574,Action
tt0383574,Adventure
tt0383574,Fantasy
tt3748528,Action
tt3748528,Adventure
tt3748528,Sci-Fi
tt6139732,Adventure
tt6139732,Comedy
tt6139732,Family
tt1298650,Action
tt1298650,Adventure
tt1298650,Fantasy
tt3469046,Animation
tt3469046,Adventure
tt3469046,Comedy
tt2277860,Animation
tt2277860,Adventure
tt2277860,Comedy
tt0120915,Action
tt0120915,Adventure
tt0120915,Fantasy
tt2948356,Animation
tt2948356,Adventure
tt2948356,Comedy
tt1014759,Adventure
tt1014759,Family
tt1014759,Fantasy
tt0241527,Adventure
tt0241527,Family
tt0241527,Fantasy
tt0903624,Adventure
tt0903624,Fantasy
tt0468569,Action
tt0468569,Crime
tt0468569,Drama
tt8041270,Action
tt8041270,Adventure
tt8041270,Sci-Fi
tt2283362,Action
tt2283362,Adventure
tt2283362,Comedy
tt0926084,Adventure
tt0926084,Family
tt0926084,Fantasy
tt1690953,Animation
tt1690953,Adventure
tt1690953,Comedy
tt0110357,Animation
tt0110357,Adventure
tt0110357,Drama
tt3040964,Adventure
tt3040964,Drama
tt3040964,Family
tt2310332,Adventure
tt2310332,Fantasy
tt0449088,Action
tt0449088,Adventure
tt0449088,Fantasy
tt1170358,Fantasy
tt9419884,Action
tt9419884,Adventure
tt9419884,Fantasy
tt0167261,Action
tt0167261,Adventure
tt0167261,Drama
tt0373889,Action
tt0373889,Adventure
tt0373889,Family
tt0266543,Animation
tt0266543,Adventure
tt0266543,Comedy
tt5113044,Animation
tt5113044,Adventure
tt5113044,Comedy
tt0417741,Action
tt0417741,Adventure
tt0417741,Family
tt0298148,Animation
tt0298148,Adventure
tt0298148,Comedy
tt0295297,Adventure
tt0295297,Family
tt0295297,Fantasy
tt1727824,Biography
tt1727824,Drama
tt1727824,Music
tt13462900,Action
tt13462900,Drama
tt13462900,History
tt0120737,Action
tt0120737,Adventure
tt0120737,Drama
tt0330373,Adventure
tt0330373,Family
tt0330373,Fantasy
tt0413300,Action
tt0413300,Adventure
tt0413300,Sci-Fi
tt2709768,Animation
tt2709768,Adventure
tt2709768,Comedy
tt1080016,Animation
tt1080016,Adventure
tt1080016,Comedy
tt2379713,Action
tt2379713,Adventure
tt2379713,Thriller
tt2250912,Action
tt2250912,Adventure
tt2250912,Sci-Fi
tt1667889,Animation
tt1667889,Adventure
tt1667889,Comedy
tt2975590,Action
tt2975590,Adventure
tt2975590,Sci-Fi
tt1375666,Action
tt1375666,Adventure
tt1375666,Sci-Fi
tt7131870,Action
tt7131870,Adventure
tt7131870,Drama
tt0121766,Action
tt0121766,Adventure
tt0121766,Fantasy
tt1951264,Action
tt1951264,Adventure
tt1951264,Sci-Fi
tt3896198,Action
tt3896198,Adventure
tt3896198,Comedy
tt9114286,Action
tt9114286,Adventure
tt9114286,Drama
tt2096673,Animation
tt2096673,Adventure
tt2096673,Comedy
tt1270797,Action
tt1270797,Adventure
tt1270797,Sci-Fi
tt3501632,Action
tt3501632,Adventure
tt3501632,Comedy
tt1673434,Adventure
tt1673434,Drama
tt1673434,Fantasy
tt1055369,Action
tt1055369,Adventure
tt1055369,Sci-Fi
tt6791350,Action
tt6791350,Adventure
tt6791350,Comedy
tt0145487,Action
tt0145487,Adventure
tt0145487,Sci-Fi
tt0451279,Action
tt0451279,Adventure
tt0451279,Fantasy
tt13364790,Comedy
tt13364790,Romance
tt0116629,Action
tt0116629,Adventure
tt0116629,Sci-Fi
tt2380307,Animation
tt2380307,Adventure
tt2380307,Drama
tt3183660,Adventure
tt3183660,Family
tt3183660,Fantasy
tt0413267,Animation
tt0413267,Adventure
tt0413267,Comedy
tt7975244,Action
tt7975244,Adventure
tt7975244,Comedy
tt0304141,Adventure
tt0304141,Family
tt0304141,Fantasy
tt1790809,Action
tt1790809,Adventure
tt1790809,Fantasy
tt0083866,Adventure
tt0083866,Family
tt0083866,Sci-Fi
tt4912910,Action
tt4912910,Adventure
tt4912910,Thriller
tt1190080,Action
tt1190080,Adventure
tt1190080,Sci-Fi
tt0367882,Action
tt0367882,Adventure
tt0316654,Action
tt0316654,Adventure
tt0316654,Sci-Fi
tt1905041,Action
tt1905041,Adventure
tt1905041,Crime
tt5463162,Action
tt5463162,Adventure
tt5463162,Comedy
tt1431045,Action
tt1431045,Comedy
tt0076759,Action
tt0076759,Adventure
tt0076759,Fantasy
tt2382320,Action
tt2382320,Adventure
tt2382320,Thriller
tt0816692,Adventure
tt0816692,Drama
tt0816692,Sci-Fi
tt2015381,Action
tt2015381,Adventure
tt2015381,Comedy
tt1877830,Action
tt1877830,Crime
tt1877830,Drama
tt10648342,Action
tt10648342,Adventure
tt10648342,Comedy
tt6806448,Action
tt6806448,Adventure
tt6806448,Thriller
tt0382625,Mystery
tt0382625,Thriller
tt1587310,Adventure
tt1587310,Family
tt1587310,Fantasy
tt0948470,Action
tt0948470,Adventure
tt0948470,Sci-Fi
tt1951265,Action
tt1951265,Adventure
tt1951265,Sci-Fi
tt0892791,Animation
tt0892791,Adventure
tt0892791,Comedy
tt1454468,Drama
tt1454468,Sci-Fi
tt1454468,Thriller
tt1277953,Animation
tt1277953,Adventure
tt1277953,Comedy
tt1386697,Action
tt1386697,Adventure
tt1386697,Fantasy
tt1877832,Action
tt1877832,Adventure
tt1877832,Sci-Fi
tt0363771,Adventure
tt0363771,Family
tt0363771,Fantasy
tt1453405,Animation
tt1453405,Adventure
tt1453405,Comedy
tt0234215,Action
tt0234215,Sci-Fi
tt1049413,Animation
tt1049413,Adventure
tt1049413,Comedy
tt10627720,Animation
tt10627720,Action
tt10627720,Adventure
tt5433138,Action
tt5433138,Crime
tt5433138,Thriller
tt1843866,Action
tt1843866,Adventure
tt1843866,Sci-Fi
tt1324999,Adventure
tt1324999,Drama
tt1324999,Fantasy
tt1259571,Adventure
tt1259571,Drama
tt1259571,Fantasy
tt2103281,Action
tt2103281,Adventure
tt2103281,Drama
tt0418279,Action
tt0418279,Adventure
tt0418279,Sci-Fi
tt1872181,Action
tt1872181,Adventure
tt1872181,Sci-Fi
tt1396484,Horror
tt7605074,Action
tt7605074,Adventure
tt7605074,Sci-Fi
tt1325004,Action
tt1325004,Adventure
tt1325004,Drama
tt1229238,Action
tt1229238,Adventure
tt1229238,Thriller
tt0795421,Comedy
tt0795421,Musical
tt0795421,Romance
tt1392170,Action
tt1392170,Adventure
tt1392170,Sci-Fi
tt10370822,Action
tt10370822,Adventure
tt10370822,Comedy
tt2381249,Action
tt2381249,Adventure
tt2381249,Thriller
tt3521164,Animation
tt3521164,Adventure
tt3521164,Comedy
tt5433140,Action
tt5433140,Adventure
tt5433140,Crime
tt0109830,Drama
tt0109830,Romance
tt1211837,Action
tt1211837,Adventure
tt1211837,Fantasy
tt0167404,Drama
tt0167404,Mystery
tt0167404,Thriller
tt0770828,Action
tt0770828,Adventure
tt0770828,Sci-Fi
tt0438097,Animation
tt0438097,Adventure
tt0438097,Comedy
tt1302011,Animation
tt1302011,Action
tt1302011,Adventure
tt2245084,Animation
tt2245084,Action
tt2245084,Adventure
tt4123430,Adventure
tt4123430,Family
tt4123430,Fantasy
tt0325980,Action
tt0325980,Adventure
tt0325980,Fantasy
tt1409024,Action
tt1409024,Adventure
tt1409024,Comedy
tt0121765,Action
tt0121765,Adventure
tt0121765,Fantasy
tt1951266,Action
tt1951266,Adventure
tt1951266,Sci-Fi
tt1981115,Action
tt1981115,Adventure
tt1981115,Fantasy
tt3470600,Animation
tt3470600,Comedy
tt3470600,Family
tt0441773,Animation
tt0441773,Action
tt0441773,Adventure
tt0317705,Animation
tt0317705,Action
tt0317705,Adventure
tt3659388,Adventure
tt3659388,Drama
tt3659388,Sci-Fi
tt0448157,Action
tt0448157,Comedy
tt0448157,Drama
tt16194408,Action
tt16194408,Drama
tt16194408,History
tt1596343,Action
tt1596343,Crime
tt1596343,Thriller
tt1228705,Action
tt1228705,Sci-Fi
tt0382932,Animation
tt0382932,Adventure
tt0382932,Comedy
tt5095030,Action
tt5095030,Adventure
tt5095030,Comedy
tt1646971,Animation
tt1646971,Action
tt1646971,Adventure
tt3315342,Action
tt3315342,Drama
tt3315342,Sci-Fi
tt0119567,Action
tt0119567,Adventure
tt0119567,Sci-Fi
tt0381061,Action
tt0381061,Adventure
tt0381061,Thriller
tt0335345,Drama
tt0454876,Adventure
tt0454876,Drama
tt0454876,Fantasy
tt1677720,Action
tt1677720,Adventure
tt1677720,Sci-Fi
tt3371366,Action
tt3371366,Adventure
tt3371366,Sci-Fi
tt0479952,Animation
tt0479952,Adventure
tt0479952,Comedy
tt0407304,Action
tt0407304,Adventure
tt0407304,Sci-Fi
tt0398286,Animation
tt0398286,Adventure
tt0398286,Comedy
tt0830515,Action
tt0830515,Adventure
tt0830515,Mystery
tt0119654,Action
tt0119654,Adventure
tt0119654,Comedy
tt0481499,Animation
tt0481499,Action
tt0481499,Adventure
tt1411697,Comedy
tt0371746,Action
tt0371746,Adventure
tt0371746,Sci-Fi
tt0480249,Action
tt0480249,Drama
tt0480249,Horror
tt0198781,Animation
tt0198781,Adventure
tt0198781,Comedy
tt6878882,Action
tt6878882,Drama
tt6878882,Thriller
tt0477347,Adventure
tt0477347,Comedy
tt0477347,Family
tt2322441,Drama
tt2322441,Romance
tt2322441,Thriller
tt3731562,Action
tt3731562,Adventure
tt3731562,Fantasy
tt0472181,Animation
tt0472181,Adventure
tt0472181,Comedy
tt1216475,Animation
tt1216475,Adventure
tt1216475,Comedy
tt0360717,Action
tt0360717,Adventure
tt0360717,Drama
tt0448694,Animation
tt0448694,Adventure
tt0448694,Comedy
tt4701660,Comedy
tt4701660,Drama
tt4701660,Fantasy
tt0120591,Action
tt0120591,Adventure
tt0120591,Sci-Fi
tt0319262,Action
tt0319262,Adventure
tt0319262,Sci-Fi
tt1637725,Comedy
tt2179136,Action
tt2179136,Biography
tt2179136,Drama
tt0120755,Action
tt0120755,Adventure
tt0120755,Thriller
tt7752454,Action
tt7752454,Comedy
tt7752454,Mystery
tt3385516,Action
tt3385516,Adventure
tt3385516,Sci-Fi
tt1515091,Action
tt1515091,Adventure
tt1515091,Mystery
tt1323594,Animation
tt1323594,Adventure
tt1323594,Comedy
tt1661199,Adventure
tt1661199,Drama
tt1661199,Family
tt0351283,Animation
tt0351283,Adventure
tt0351283,Comedy
tt0816711,Action
tt0816711,Adventure
tt0816711,Horror
tt1217209,Animation
tt1217209,Adventure
tt1217209,Comedy
tt0080684,Action
tt0080684,Adventure
tt0080684,Fantasy
tt0462538,Animation
tt0462538,Adventure
tt0462538,Comedy
tt1663202,Action
tt1663202,Adventure
tt1663202,Drama
tt4779682,Action
tt4779682,Horror
tt4779682,Sci-Fi
tt5848272,Animation
tt5848272,Adventure
tt5848272,Comedy
tt5220122,Animation
tt5220122,Adventure
tt5220122,Comedy
tt3874544,Animation
tt3874544,Adventure
tt3874544,Comedy
tt5013056,Action
tt5013056,Drama
tt5013056,History
tt2709692,Animation
tt2709692,Comedy
tt2709692,Family
tt0831387,Action
tt0831387,Adventure
tt0831387,Sci-Fi
tt2386490,Animation
tt2386490,Action
tt2386490,Adventure
tt0988045,Action
tt0988045,Adventure
tt0988045,Mystery
tt0290002,Comedy
tt0290002,Romance
tt0910970,Animation
tt0910970,Adventure
tt0910970,Family
tt2267968,Animation
tt2267968,Action
tt2267968,Adventure
tt0103064,Action
tt0103064,Sci-Fi
tt0478970,Action
tt0478970,Comedy
tt0478970,Sci-Fi
tt9362722,Animation
tt9362722,Action
tt9362722,Adventure
tt7097896,Action
tt7097896,Sci-Fi
tt7097896,Thriller
tt0099653,Drama
tt0099653,Fantasy
tt0099653,Romance
tt0103639,Animation
tt0103639,Adventure
tt0103639,Comedy
tt0172495,Action
tt0172495,Adventure
tt0172495,Drama
tt2357291,Animation
tt2357291,Adventure
tt2357291,Comedy
tt0332452,Drama
tt0120363,Animation
tt0120363,Adventure
tt0120363,Comedy
tt0892769,Animation
tt0892769,Action
tt0892769,Adventure
tt0117998,Action
tt0117998,Adventure
tt0117998,Thriller
tt1623205,Adventure
tt1623205,Family
tt1623205,Fantasy
tt0800320,Action
tt0800320,Adventure
tt0800320,Fantasy
tt4777008,Adventure
tt4777008,Family
tt4777008,Fantasy
tt3450958,Action
tt3450958,Adventure
tt3450958,Drama
tt0126029,Animation
tt0126029,Adventure
tt0126029,Comedy
tt0808151,Action
tt0808151,Mystery
tt0808151,Thriller
tt1291150,Action
tt1291150,Adventure
tt1291150,Comedy
tt0315327,Comedy
tt0315327,Fantasy
tt1504320,Biography
tt1504320,Drama
tt1504320,History
tt1436562,Animation
tt1436562,Adventure
tt1436562,Comedy
tt0120815,Drama
tt0120815,War
tt1318514,Action
tt1318514,Drama
tt1318514,Sci-Fi
tt3915174,Animation
tt3915174,Adventure
tt3915174,Comedy
tt5971474,Adventure
tt5971474,Family
tt5971474,Fantasy
tt0099785,Comedy
tt0099785,Family
tt0073195,Adventure
tt0073195,Mystery
tt0073195,Thriller
tt10954600,Action
tt10954600,Adventure
tt10954600,Comedy
tt2510894,Animation
tt2510894,Adventure
tt2510894,Comedy
tt0086190,Action
tt0086190,Adventure
tt0086190,Fantasy
tt0367594,Adventure
tt0367594,Comedy
tt0367594,Family
tt0097576,Action
tt0097576,Adventure
tt2126355,Action
tt2126355,Adventure
tt2126355,Thriller
tt7349950,Drama
tt7349950,Fantasy
tt7349950,Horror
tt3783958,Comedy
tt3783958,Drama
tt3783958,Music
tt1772341,Animation
tt1772341,Adventure
tt1772341,Comedy
tt5034838,Action
tt5034838,Sci-Fi
tt5034838,Thriller
tt1119646,Comedy
tt2872732,Action
tt2872732,Sci-Fi
tt2872732,Thriller
tt1490017,Animation
tt1490017,Action
tt1490017,Adventure
tt4701182,Action
tt4701182,Adventure
tt4701182,Sci-Fi
tt1408101,Action
tt1408101,Adventure
tt1408101,Sci-Fi
tt0133093,Action
tt0133093,Sci-Fi
tt0100405,Comedy
tt0100405,Romance
tt0317219,Animation
tt0317219,Adventure
tt0317219,Comedy
tt7294150,Action
tt7294150,Drama
tt7294150,History
tt0376994,Action
tt0376994,Adventure
tt0376994,Sci-Fi
tt14557302,Comedy
tt14557302,Sci-Fi
tt0465234,Action
tt0465234,Adventure
tt0465234,Mystery
tt0117060,Action
tt0117060,Adventure
tt0117060,Thriller
tt0416449,Action
tt0416449,Drama
tt0325710,Action
tt0325710,Drama
tt11032374,Animation
tt11032374,Action
tt11032374,Adventure
tt7362036,Comedy
tt7362036,Drama
tt0240772,Crime
tt0240772,Thriller
tt10147382,Drama
tt10147382,History
tt5884052,Action
tt5884052,Adventure
tt5884052,Comedy
tt0800369,Action
tt0800369,Fantasy
tt0213149,Action
tt0213149,Drama
tt0213149,History
tt0120855,Animation
tt0120855,Adventure
tt0120855,Comedy
tt0120912,Action
tt0120912,Adventure
tt0120912,Comedy
tt0440963,Action
tt0440963,Mystery
tt0440963,Thriller
tt0209163,Action
tt0209163,Adventure
tt0209163,Fantasy
tt1231580,Animation
tt1231580,Adventure
tt1231580,Comedy
tt1707386,Drama
tt1707386,Musical
tt1707386,Romance
tt0070047,Horror
tt0107614,Comedy
tt0107614,Drama
tt1340138,Action
tt1340138,Adventure
tt1340138,Sci-Fi
tt0803096,Action
tt0803096,Adventure
tt0803096,Fantasy
tt1517451,Drama
tt1517451,Music
tt1517451,Romance
tt1485796,Biography
tt1485796,Drama
tt1485796,Musical
tt0181852,Action
tt0181852,Sci-Fi
tt9376612,Action
tt9376612,Adventure
tt9376612,Fantasy
tt0246460,Action
tt0246460,Adventure
tt0246460,Thriller
tt5113040,Animation
tt5113040,Adventure
tt5113040,Comedy
tt0162222,Adventure
tt0162222,Drama
tt0162222,Romance
tt2231461,Action
tt2231461,Adventure
tt2231461,Sci-Fi
tt10366206,Action
tt10366206,Crime
tt10366206,Thriller
tt0242653,Action
tt0242653,Sci-Fi
tt1675434,Biography
tt1675434,Comedy
tt1675434,Drama
tt1502397,Action
tt1502397,Comedy
tt1502397,Crime
tt1853728,Drama
tt1853728,Western
tt0101414,Animation
tt0101414,Family
tt0101414,Fantasy
tt0099348,Adventure
tt0099348,Drama
tt0099348,Western
tt12363162,Drama
tt0499448,Action
tt0499448,Adventure
tt0499448,Family
tt1000774,Comedy
tt1000774,Drama
tt1000774,Romance
tt10218664,Action
tt10218664,Adventure
tt10218664,Drama
tt0120616,Action
tt0120616,Adventure
tt0120616,Fantasy
tt0980970,Adventure
tt0980970,Family
tt0980970,Fantasy
tt4196776,Action
tt4196776,Thriller
tt1430132,Action
tt1430132,Sci-Fi
tt2802144,Action
tt2802144,Adventure
tt2802144,Comedy
tt1078912,Adventure
tt1078912,Comedy
tt1078912,Family
tt0096895,Action
tt0096895,Adventure
tt0103855,Action
tt0103855,Drama
tt0103855,Music
tt1663662,Action
tt1663662,Adventure
tt1663662,Sci-Fi
tt4649466,Action
tt4649466,Adventure
tt4649466,Comedy
tt2345759,Action
tt2345759,Adventure
tt2345759,Fantasy
tt3416828,Animation
tt3416828,Adventure
tt3416828,Comedy
tt1099212,Drama
tt1099212,Fantasy
tt1099212,Romance
tt6467266,Animation
tt6467266,Adventure
tt6467266,Comedy
tt0286106,Drama
tt0286106,Mystery
tt0286106,Sci-Fi
tt0290334,Action
tt0290334,Sci-Fi
tt0290334,Thriller
tt4123432,Adventure
tt4123432,Family
tt4123432,Fantasy
tt1464335,Action
tt1464335,Adventure
tt12412888,Action
tt12412888,Adventure
tt12412888,Comedy
tt0437086,Action
tt0437086,Adventure
tt0437086,Sci-Fi
tt0859163,Action
tt0859163,Adventure
tt0859163,Fantasy
tt1446714,Adventure
tt1446714,Mystery
tt1446714,Sci-Fi
tt0031381,Drama
tt0031381,Romance
tt0031381,War
tt6911608,Comedy
tt6911608,Musical
tt6911608,Romance
tt9032400,Action
tt9032400,Adventure
tt9032400,Fantasy
tt1160419,Action
tt1160419,Adventure
tt1160419,Drama
tt1104001,Action
tt1104001,Adventure
tt1104001,Sci-Fi
tt0317919,Action
tt0317919,Adventure
tt0317919,Thriller
tt1735898,Action
tt1735898,Adventure
tt1735898,Drama
tt0077631,Comedy
tt0077631,Musical
tt0077631,Romance
tt0114709,Animation
tt0114709,Adventure
tt0114709,Comedy
tt6443346,Action
tt6443346,Adventure
tt6443346,Fantasy
tt3778644,Action
tt3778644,Adventure
tt3778644,Sci-Fi
tt0348150,Action
tt0348150,Adventure
tt0348150,Sci-Fi
tt0102798,Action
tt0102798,Adventure
tt0102798,Drama
tt0082971,Action
tt0082971,Adventure
tt0337978,Action
tt0337978,Thriller
tt3781476,Adventure
tt3781476,Comedy
tt3781476,Fantasy
tt3741700,Action
tt3741700,Adventure
tt3741700,Fantasy
tt2224026,Animation
tt2224026,Adventure
tt2224026,Comedy
tt0796366,Action
tt0796366,Adventure
tt0796366,Sci-Fi
tt8579674,Action
tt8579674,Drama
tt8579674,War
tt0366548,Animation
tt0366548,Adventure
tt0366548,Comedy
tt4633694,Animation
tt4633694,Action
tt4633694,Adventure
tt3606752,Animation
tt3606752,Adventure
tt3606752,Comedy
tt0088763,Adventure
tt0088763,Comedy
tt0088763,Sci-Fi
tt0268380,Animation
tt0268380,Adventure
tt0268380,Comedy
tt5311514,Animation
tt5311514,Drama
tt5311514,Fantasy
tt4465564,Drama
tt4465564,Romance
tt4465564,Thriller
tt0892782,Animation
tt0892782,Action
tt0892782,Adventure
tt3480822,Action
tt3480822,Adventure
tt3480822,Sci-Fi
tt0120685,Action
tt0120685,Sci-Fi
tt0120685,Thriller
tt0111503,Action
tt0111503,Comedy
tt0111503,Thriller
tt7131622,Comedy
tt7131622,Drama
tt1397280,Action
tt1397280,Crime
tt1397280,Thriller
tt1583421,Action
tt1583421,Adventure
tt1583421,Sci-Fi
tt0307453,Animation
tt0307453,Adventure
tt0307453,Comedy
tt0207201,Comedy
tt0207201,Fantasy
tt0207201,Romance
tt0983193,Animation
tt0983193,Action
tt0983193,Adventure
tt0372784,Action
tt0372784,Crime
tt0372784,Drama
tt1911658,Animation
tt1911658,Action
tt1911658,Adventure
tt0458525,Action
tt0458525,Sci-Fi
tt0385752,Adventure
tt0385752,Family
tt0385752,Fantasy
tt4477536,Drama
tt4477536,Romance
tt4477536,Thriller
tt0386588,Comedy
tt0386588,Romance
tt0438488,Action
tt0438488,Adventure
tt0438488,Sci-Fi
tt0458339,Action
tt0458339,Adventure
tt0458339,Sci-Fi
tt1631867,Action
tt1631867,Adventure
tt1631867,Sci-Fi
tt0129387,Comedy
tt0129387,Romance
tt2267998,Drama
tt2267998,Mystery
tt2267998,Thriller
tt0106977,Action
tt0106977,Crime
tt0106977,Drama
tt0163025,Action
tt0163025,Adventure
tt0163025,Sci-Fi
tt0259446,Comedy
tt0259446,Drama
tt0259446,Romance
tt0448115,Action
tt0448115,Adventure
tt0448115,Comedy
tt8529186,Comedy
tt0112864,Action
tt0112864,Adventure
tt0112864,Thriller
tt5814060,Horror
tt5814060,Mystery
tt5814060,Thriller
tt0952640,Animation
tt0952640,Adventure
tt0952640,Comedy
tt6723592,Action
tt6723592,Sci-Fi
tt6723592,Thriller
tt0125439,Comedy
tt0125439,Drama
tt0125439,Romance
tt0120623,Animation
tt0120623,Adventure
tt0120623,Comedy
tt2692250,Adventure
tt2692250,Comedy
tt2692250,Family
tt0349903,Crime
tt0349903,Thriller
tt0133152,Action
tt0133152,Adventure
tt0133152,Sci-Fi
tt1951261,Comedy
tt1951261,Crime
tt0143145,Action
tt0143145,Adventure
tt0143145,Thriller
tt6170484,Adventure
tt6170484,Comedy
tt6170484,Fantasy
tt1013752,Action
tt1013752,Crime
tt1013752,Thriller
tt1959490,Action
tt1959490,Adventure
tt1959490,Drama
tt1155076,Action
tt1155076,Drama
tt1155076,Family
tt0837562,Animation
tt0837562,Adventure
tt0837562,Comedy
tt0181689,Action
tt0181689,Crime
tt0181689,Mystery
tt0092099,Action
tt0092099,Drama
tt0245429,Animation
tt0245429,Adventure
tt0245429,Family
tt0918940,Action
tt0918940,Adventure
tt0918940,Drama
tt0169547,Drama
tt0112384,Adventure
tt0112384,Drama
tt0112384,History
tt0095953,Drama
tt1343092,Drama
tt1343092,Romance
tt3861390,Adventure
tt3861390,Family
tt3861390,Fantasy
tt0343818,Action
tt0343818,Mystery
tt0343818,Sci-Fi
tt0103772,Drama
tt0103772,Mystery
tt0103772,Thriller
tt3402236,Crime
tt3402236,Drama
tt3402236,Mystery
tt1270798,Action
tt1270798,Sci-Fi
tt1985949,Animation
tt1985949,Action
tt1985949,Adventure
tt0113189,Action
tt0113189,Adventure
tt0113189,Thriller
tt0264464,Biography
tt0264464,Crime
tt0264464,Drama
tt1670345,Crime
tt1670345,Mystery
tt1670345,Thriller
tt0212985,Crime
tt0212985,Drama
tt0212985,Thriller
tt0110475,Action
tt0110475,Comedy
tt0110475,Crime
tt5117670,Adventure
tt5117670,Comedy
tt5117670,Crime
tt0111257,Action
tt0111257,Adventure
tt0111257,Thriller
tt0130623,Animation
tt0130623,Adventure
tt0130623,Drama
tt5028340,Adventure
tt5028340,Comedy
tt5028340,Family
tt1482459,Animation
tt1482459,Adventure
tt1482459,Comedy
tt1790864,Action
tt1790864,Mystery
tt1790864,Sci-Fi
tt2017020,Animation
tt2017020,Adventure
tt2017020,Comedy
tt0368891,Action
tt0368891,Adventure
tt0368891,Mystery
tt0266915,Action
tt0266915,Comedy
tt0266915,Crime
tt1679335,Animation
tt1679335,Adventure
tt1679335,Comedy
tt1293847,Action
tt1293847,Adventure
tt1293847,Thriller
tt0114148,Animation
tt0114148,Adventure
tt0114148,Drama
tt0170016,Comedy
tt0170016,Family
tt0170016,Fantasy
tt2660888,Action
tt2660888,Adventure
tt2660888,Sci-Fi
tt1615918,Animation
tt1615918,Adventure
tt1615918,Comedy
tt0493464,Action
tt0493464,Crime
tt0493464,Thriller
tt0109813,Comedy
tt0109813,Family
tt0109813,Fantasy
tt6644200,Drama
tt6644200,Horror
tt6644200,Sci-Fi
tt0461770,Animation
tt0461770,Adventure
tt0461770,Comedy
tt0327084,Animation
tt0327084,Adventure
tt0327084,Comedy
tt1253863,Action
tt1253863,Drama
tt0112462,Action
tt0112462,Adventure
tt0473075,Action
tt0473075,Adventure
tt0473075,Fantasy
tt0421715,Drama
tt0421715,Fantasy
tt0421715,Romance
tt1397514,Action
tt1397514,Adventure
tt1397514,Comedy
tt0117500,Action
tt0117500,Adventure
tt0117500,Thriller
tt2034800,Action
tt2034800,Adventure
tt2034800,Fantasy
tt3110958,Action
tt3110958,Adventure
tt3110958,Comedy
tt7431894,Comedy
tt7431894,Fantasy
tt7431894,Sport
tt0243155,Comedy
tt0243155,Drama
tt0243155,Romance
tt0120667,Action
tt0120667,Adventure
tt0120667,Fantasy
tt0087469,Action
tt0087469,Adventure
tt0120347,Action
tt0120347,Adventure
tt0120347,Thriller
tt0096874,Adventure
tt0096874,Comedy
tt0096874,Sci-Fi
tt1979388,Animation
tt1979388,Adventure
tt1979388,Comedy
tt6264654,Action
tt6264654,Adventure
tt6264654,Comedy
tt2294449,Action
tt2294449,Comedy
tt2294449,Crime
tt0212338,Comedy
tt0212338,Romance
tt0096438,Animation
tt0096438,Adventure
tt0096438,Comedy
tt0947798,Drama
tt0947798,Thriller
tt0177971,Action
tt0177971,Adventure
tt0177971,Drama
tt6146586,Action
tt6146586,Crime
tt6146586,Thriller
tt0090555,Action
tt0090555,Adventure
tt0090555,Comedy
tt6660238,Comedy
tt6660238,Sci-Fi
tt0114369,Crime
tt0114369,Drama
tt0114369,Mystery
tt0458352,Comedy
tt0458352,Drama
tt2446042,Action
tt2446042,Crime
tt2446042,Thriller
tt0116583,Animation
tt0116583,Drama
tt0116583,Family
tt1067106,Animation
tt1067106,Adventure
tt1067106,Comedy
tt2279373,Animation
tt2279373,Adventure
tt2279373,Comedy
tt0108052,Biography
tt0108052,Drama
tt0108052,History
tt1001526,Animation
tt1001526,Action
tt1001526,Comedy
tt3065204,Horror
tt3065204,Mystery
tt3065204,Thriller
tt6966692,Biography
tt6966692,Comedy
tt6966692,Drama
tt0104714,Action
tt0104714,Crime
tt0104714,Thriller
tt0955308,Action
tt0955308,Adventure
tt0955308,Drama
tt0361748,Adventure
tt0361748,Drama
tt0361748,War
tt0115433,Adventure
tt0115433,Comedy
tt0115433,Crime
tt1457767,Horror
tt1457767,Mystery
tt1457767,Thriller
tt0093010,Drama
tt0093010,Thriller
tt3794354,Action
tt3794354,Adventure
tt3794354,Comedy
tt0938283,Action
tt0938283,Adventure
tt0938283,Family
tt1041829,Comedy
tt1041829,Drama
tt1041829,Romance
tt0338348,Animation
tt0338348,Adventure
tt0338348,Comedy
tt0268978,Biography
tt0268978,Drama
tt0086960,Action
tt0086960,Comedy
tt0086960,Crime
tt0118571,Action
tt0118571,Drama
tt0118571,Thriller
tt2543472,Drama
tt2543472,Family
tt1764651,Action
tt1764651,Adventure
tt1764651,Thriller
tt0371606,Animation
tt0371606,Adventure
tt0371606,Comedy
tt0119822,Comedy
tt0119822,Drama
tt0119822,Romance
tt8946378,Comedy
tt8946378,Crime
tt8946378,Drama
tt4046784,Action
tt4046784,Adventure
tt4046784,Sci-Fi
tt2592614,Action
tt2592614,Horror
tt2592614,Sci-Fi
tt4116284,Animation
tt4116284,Action
tt4116284,Adventure
tt0145660,Action
tt0145660,Adventure
tt0145660,Comedy
tt0496806,Crime
tt0496806,Thriller
tt0970866,Comedy
tt0970866,Romance
tt0397892,Animation
tt0397892,Adventure
tt0397892,Comedy
tt0117438,Action
tt0117438,Crime
tt0117438,Thriller
tt0163187,Comedy
tt0163187,Romance
tt0878804,Biography
tt0878804,Drama
tt0878804,Sport
tt2582846,Drama
tt2582846,Romance
tt0454921,Biography
tt0454921,Drama
tt1446192,Animation
tt1446192,Action
tt1446192,Adventure
tt0075860,Drama
tt0075860,Sci-Fi
tt0299658,Comedy
tt0299658,Crime
tt0299658,Musical
tt5140878,Horror
tt5140878,Mystery
tt5140878,Thriller
tt1478338,Comedy
tt1478338,Romance
tt5758778,Action
tt5758778,Adventure
tt5758778,Thriller
tt1606378,Action
tt1606378,Thriller
tt0120762,Animation
tt0120762,Adventure
tt0120762,Comedy
tt5074352,Action
tt5074352,Biography
tt5074352,Drama
tt1355644,Drama
tt1355644,Romance
tt1355644,Sci-Fi
tt1440129,Action
tt1440129,Adventure
tt1440129,Sci-Fi
tt0119528,Comedy
tt0119528,Fantasy
tt1046173,Action
tt1046173,Adventure
tt1046173,Sci-Fi
tt1646987,Action
tt1646987,Adventure
tt1646987,Fantasy
tt0486576,Action
tt0486576,Adventure
tt0486576,Fantasy
tt0102057,Adventure
tt0102057,Comedy
tt0102057,Family
tt0078346,Action
tt0078346,Adventure
tt0078346,Sci-Fi
tt0089927,Drama
tt0089927,Sport
tt0089880,Action
tt0089880,Adventure
tt0089880,Thriller
tt1220634,Action
tt1220634,Horror
tt1220634,Sci-Fi
tt0338526,Action
tt0338526,Adventure
tt0338526,Fantasy
tt0164912,Adventure
tt0164912,Comedy
tt0164912,Family
tt0092644,Action
tt0092644,Comedy
tt0092644,Crime
tt2567026,Adventure
tt2567026,Family
tt2567026,Fantasy
tt0119738,Comedy
tt0119738,Drama
tt0119738,Romance
tt0433035,Action
tt0433035,Drama
tt0433035,Sci-Fi
tt0451079,Animation
tt0451079,Adventure
tt0451079,Comedy
tt5164214,Action
tt5164214,Comedy
tt5164214,Crime
tt8332922,Drama
tt8332922,Horror
tt8332922,Sci-Fi
tt2908446,Action
tt2908446,Adventure
tt2908446,Sci-Fi
tt0097778,Comedy
tt0295178,Action
tt0295178,Adventure
tt0295178,Comedy
tt0087332,Action
tt0087332,Comedy
tt0087332,Fantasy
tt1935859,Adventure
tt1935859,Drama
tt1935859,Family
tt0120903,Action
tt0120903,Adventure
tt0120903,Sci-Fi
tt3411444,Animation
tt3411444,Adventure
tt3411444,Comedy
tt1130884,Mystery
tt1130884,Thriller
tt0118998,Comedy
tt0118998,Family
tt0118998,Fantasy
tt0389790,Animation
tt0389790,Adventure
tt0389790,Comedy
tt0944835,Action
tt0944835,Thriller
tt0436339,Animation
tt0436339,Action
tt0436339,Adventure
tt0407887,Crime
tt0407887,Drama
tt0407887,Thriller
tt0161081,Drama
tt0161081,Horror
tt0161081,Mystery
tt2557478,Action
tt2557478,Adventure
tt2557478,Fantasy
tt0372183,Action
tt0372183,Mystery
tt0372183,Thriller
tt1261945,Comedy
tt1261945,Drama
tt1261945,Romance
tt5090568,Action
tt5090568,Adventure
tt5090568,Sci-Fi
tt0138097,Comedy
tt0138097,Drama
tt0138097,History
tt1840309,Action
tt1840309,Adventure
tt1840309,Mystery
tt0094898,Comedy
tt0094898,Romance
tt3704428,Biography
tt3704428,Drama
tt3704428,Music
tt0396269,Comedy
tt0396269,Romance
tt4500922,Action
tt4500922,Adventure
tt4500922,Sci-Fi
tt0112642,Comedy
tt0112642,Family
tt0112642,Fantasy
tt0252866,Comedy
tt2848292,Comedy
tt2848292,Music
tt0120689,Crime
tt0120689,Drama
tt0120689,Fantasy
tt1483013,Action
tt1483013,Adventure
tt1483013,Sci-Fi
tt1535108,Action
tt1535108,Drama
tt1535108,Sci-Fi
tt0122151,Action
tt0122151,Crime
tt0122151,Thriller
tt0401729,Action
tt0401729,Adventure
tt0401729,Sci-Fi
tt1860353,Animation
tt1860353,Adventure
tt1860353,Comedy
tt1109624,Adventure
tt1109624,Comedy
tt1109624,Family
tt1243957,Action
tt1243957,Thriller
tt4972582,Horror
tt4972582,Thriller
tt0175142,Comedy
tt0295701,Action
tt0295701,Adventure
tt0295701,Thriller
tt1194173,Action
tt1194173,Adventure
tt1194173,Thriller
tt0864835,Animation
tt0864835,Adventure
tt0864835,Comedy
tt0267913,Adventure
tt0267913,Comedy
tt0267913,Family
tt0443272,Biography
tt0443272,Drama
tt0443272,History
tt11145118,Drama
tt11145118,Sport
tt0146316,Action
tt0146316,Adventure
tt0146316,Fantasy
tt1365519,Action
tt1365519,Adventure
tt1365519,Fantasy
tt1320253,Action
tt1320253,Adventure
tt1320253,Thriller
tt1985966,Animation
tt1985966,Adventure
tt1985966,Comedy
tt0117218,Comedy
tt0117218,Romance
tt0117218,Sci-Fi
tt0116695,Comedy
tt0116695,Drama
tt0116695,Romance
tt0172156,Action
tt0172156,Comedy
tt0172156,Crime
tt0275847,Animation
tt0275847,Adventure
tt0275847,Comedy
tt0102926,Crime
tt0102926,Drama
tt0102926,Thriller
tt1375670,Comedy
tt2004420,Comedy
tt0106918,Drama
tt0106918,Mystery
tt0106918,Thriller
tt1723121,Comedy
tt1723121,Crime
tt1205489,Drama
tt0443649,Action
tt0443649,Adventure
tt0443649,Drama
tt0765429,Biography
tt0765429,Crime
tt0765429,Drama
tt0848537,Animation
tt0848537,Action
tt0848537,Adventure
tt1528100,Action
tt1528100,Adventure
tt1528100,Drama
tt1856101,Action
tt1856101,Drama
tt1856101,Mystery
tt0034492,Animation
tt0034492,Adventure
tt0034492,Drama
tt0780521,Animation
tt0780521,Adventure
tt0780521,Comedy
tt0103776,Action
tt0103776,Crime
tt0103776,Fantasy
tt0107211,Drama
tt0107211,Romance
tt0337741,Comedy
tt0337741,Drama
tt0337741,Romance
tt0317198,Comedy
tt0317198,Drama
tt0317198,Romance
tt0800080,Action
tt0800080,Adventure
tt0800080,Sci-Fi
tt0114898,Action
tt0114898,Adventure
tt0114898,Sci-Fi
tt0120382,Comedy
tt0120382,Drama
tt0160127,Action
tt0160127,Adventure
tt0160127,Comedy
tt0119116,Action
tt0119116,Adventure
tt0119116,Sci-Fi
tt0113497,Adventure
tt0113497,Comedy
tt0113497,Family
tt6751668,Drama
tt6751668,Thriller
tt0443453,Comedy
tt0358082,Animation
tt0358082,Adventure
tt0358082,Comedy
tt1013743,Action
tt1013743,Adventure
tt1013743,Comedy
tt0100802,Action
tt0100802,Adventure
tt0100802,Sci-Fi
tt1477715,Documentary
tt1477715,Drama
tt1477715,Music
tt6450804,Action
tt6450804,Adventure
tt6450804,Sci-Fi
tt1210819,Action
tt1210819,Adventure
tt1210819,Western
tt1650062,Action
tt1650062,Mystery
tt1650062,Sci-Fi
tt1502407,Crime
tt1502407,Horror
tt1502407,Thriller
tt4276752,Action
tt4276752,Adventure
tt4276752,Drama
tt0305357,Action
tt0305357,Adventure
tt0305357,Comedy
tt0293564,Action
tt0293564,Comedy
tt0293564,Crime
tt0119164,Comedy
tt0119164,Drama
tt4217392,Action
tt4217392,Adventure
tt4217392,Comedy
tt3322940,Horror
tt3322940,Mystery
tt3322940,Thriller
tt2953050,Animation
tt2953050,Comedy
tt2953050,Family
tt0368447,Drama
tt0368447,Mystery
tt0368447,Thriller
tt4242158,Action
tt4242158,Adventure
tt4242158,Comedy
tt0195685,Biography
tt0195685,Drama
tt6857112,Horror
tt6857112,Mystery
tt6857112,Thriller
tt9597190,Comedy
tt9597190,Sport
tt5052448,Horror
tt5052448,Mystery
tt5052448,Thriller
tt0822832,Drama
tt0822832,Family
tt0106582,Action
tt0106582,Adventure
tt0106582,Thriller
tt4849438,Action
tt4849438,Drama
tt0112431,Comedy
tt0112431,Drama
tt0112431,Family
tt2283336,Action
tt2283336,Adventure
tt2283336,Comedy
tt0486946,Action
tt0486946,Adventure
tt0486946,Comedy
tt0962726,Comedy
tt0962726,Drama
tt0962726,Family
tt0119282,Animation
tt0119282,Adventure
tt0119282,Comedy
tt6565702,Action
tt6565702,Adventure
tt6565702,Sci-Fi
tt1403865,Drama
tt1403865,Western
tt6673612,Adventure
tt6673612,Comedy
tt6673612,Family
tt0118689,Adventure
tt0118689,Comedy
tt0118689,Family
tt1800241,Crime
tt1800241,Drama
tt0120660,Action
tt0120660,Thriller
tt0128853,Comedy
tt0128853,Drama
tt0128853,Romance
tt0449010,Action
tt0449010,Adventure
tt0449010,Family
tt0328880,Animation
tt0328880,Adventure
tt0328880,Comedy
tt0068646,Crime
tt0068646,Drama
tt0120746,Action
tt0120746,Adventure
tt0120746,Comedy
tt8115900,Animation
tt8115900,Adventure
tt8115900,Comedy
tt0298130,Horror
tt0298130,Mystery
tt0185937,Horror
tt0185937,Mystery
tt0217869,Drama
tt0217869,Mystery
tt0217869,Sci-Fi
tt0314331,Comedy
tt0314331,Drama
tt0314331,Romance
tt5273624,Adventure
tt5273624,Comedy
tt5273624,Fantasy
tt0109686,Comedy
tt6823368,Drama
tt6823368,Horror
tt6823368,Sci-Fi
tt2191701,Comedy
tt2452042,Animation
tt2452042,Adventure
tt2452042,Comedy
tt1192628,Animation
tt1192628,Action
tt1192628,Adventure
tt0109831,Comedy
tt0109831,Drama
tt0109831,Romance
tt0119094,Action
tt0119094,Crime
tt0119094,Sci-Fi
tt3949660,Action
tt3949660,Adventure
tt3949660,Comedy
tt1077368,Comedy
tt1077368,Fantasy
tt1077368,Horror
tt0286716,Action
tt0286716,Sci-Fi
tt10218674,Action
tt10218674,Drama
tt1064932,Comedy
tt1064932,Romance
tt0099088,Adventure
tt0099088,Comedy
tt0099088,Sci-Fi
tt2120120,Action
tt2120120,Comedy
tt2120120,Fantasy
tt1267297,Action
tt1267297,Adventure
tt1267297,Fantasy
tt0120812,Action
tt0120812,Comedy
tt0120812,Crime
tt0373051,Action
tt0373051,Adventure
tt0373051,Family
tt1815862,Action
tt1815862,Adventure
tt1815862,Sci-Fi
tt0104257,Drama
tt0104257,Thriller
tt0844471,Animation
tt0844471,Adventure
tt0844471,Comedy
tt0298203,Drama
tt0298203,Music
tt1528854,Comedy
tt1528854,Family
tt1234721,Action
tt1234721,Crime
tt1234721,Sci-Fi
tt0116213,Action
tt0116213,Crime
tt0116213,Thriller
tt2316204,Horror
tt2316204,Sci-Fi
tt2316204,Thriller
tt3263904,Biography
tt3263904,Drama
tt2094766,Action
tt2094766,Adventure
tt2094766,Sci-Fi
tt0389860,Comedy
tt0389860,Drama
tt0389860,Fantasy
tt11177804,Animation
tt11177804,Action
tt11177804,Adventure
tt1691917,Animation
tt1691917,Adventure
tt1691917,Comedy
tt1855325,Action
tt1855325,Horror
tt1855325,Sci-Fi
tt0099423,Action
tt0099423,Thriller
tt0092493,Action
tt0092493,Adventure
tt0092493,Comedy
tt12593682,Action
tt12593682,Comedy
tt12593682,Thriller
tt0118688,Action
tt0118688,Sci-Fi
tt0347149,Animation
tt0347149,Adventure
tt0347149,Family
tt1320261,Adventure
tt1320261,Comedy
tt1320261,Family
tt0187078,Action
tt0187078,Crime
tt0187078,Thriller
tt0076666,Drama
tt0076666,Music
tt1045658,Comedy
tt1045658,Drama
tt1045658,Romance
tt0322259,Action
tt0322259,Crime
tt0322259,Thriller
tt4846340,Biography
tt4846340,Drama
tt4846340,History
tt0212720,Drama
tt0212720,Sci-Fi
tt0097165,Comedy
tt0097165,Drama
tt0163651,Comedy
tt1605630,Comedy
tt0142342,Comedy
tt0142342,Drama
tt2974918,Animation
tt2974918,Adventure
tt2974918,Comedy
tt2084970,Biography
tt2084970,Drama
tt2084970,Thriller
tt3228774,Adventure
tt3228774,Comedy
tt3228774,Crime
tt0970416,Adventure
tt0970416,Drama
tt0970416,Sci-Fi
tt0328828,Comedy
tt1568346,Crime
tt1568346,Drama
tt1568346,Mystery
tt0467406,Comedy
tt0467406,Drama
tt0453451,Comedy
tt0453451,Family
tt0116209,Drama
tt0116209,Romance
tt0116209,War
tt0105417,Comedy
tt0105417,Family
tt0105417,Music
tt8350360,Horror
tt8350360,Mystery
tt8350360,Thriller
tt0360486,Action
tt0360486,Fantasy
tt0360486,Horror
tt0425061,Action
tt0425061,Adventure
tt0425061,Comedy
tt0117705,Animation
tt0117705,Adventure
tt0117705,Comedy
tt0118799,Comedy
tt0118799,Drama
tt0118799,Romance
tt2404463,Action
tt2404463,Comedy
tt2404463,Crime
tt1289401,Action
tt1289401,Comedy
tt1289401,Fantasy
tt0259324,Action
tt0259324,Fantasy
tt0259324,Thriller
tt5061814,Comedy
tt4468740,Adventure
tt4468740,Comedy
tt4468740,Family
tt0108160,Comedy
tt0108160,Drama
tt0108160,Romance
tt0097733,Action
tt0097733,Crime
tt0097733,Thriller
tt0990407,Action
tt0990407,Comedy
tt0990407,Crime
tt0089755,Biography
tt0089755,Drama
tt0089755,Romance
tt0319343,Adventure
tt0319343,Comedy
tt0319343,Family
tt6654316,Drama
tt6654316,Romance
tt6654316,War
tt3890160,Action
tt3890160,Crime
tt3890160,Drama
tt1253864,Action
tt1253864,Drama
tt1253864,Fantasy
tt0936501,Action
tt0936501,Crime
tt0936501,Thriller
tt0814255,Adventure
tt0814255,Family
tt0814255,Fantasy
tt10298810,Animation
tt10298810,Action
tt10298810,Adventure
tt1428538,Action
tt1428538,Fantasy
tt1428538,Horror
tt2239822,Action
tt2239822,Adventure
tt2239822,Fantasy
tt0119217,Drama
tt0119217,Romance
tt9586294,Crime
tt9586294,Drama
tt9586294,Romance
tt1950186,Action
tt1950186,Biography
tt1950186,Drama
tt0489099,Action
tt0489099,Adventure
tt0489099,Sci-Fi
tt0120630,Animation
tt0120630,Adventure
tt0120630,Comedy
tt0118880,Action
tt0118880,Crime
tt0118880,Thriller
tt0110148,Drama
tt0110148,Fantasy
tt0110148,Horror
tt0408790,Drama
tt0408790,Mystery
tt0408790,Thriller
tt1068680,Comedy
tt1068680,Romance
tt2024469,Action
tt2024469,Mystery
tt2024469,Thriller
tt0097523,Adventure
tt0097523,Comedy
tt0097523,Family
tt0361596,Documentary
tt0361596,Drama
tt0361596,War
tt0120891,Action
tt0120891,Comedy
tt0120891,Sci-Fi
tt15465312,Drama
tt1981128,Action
tt1981128,Sci-Fi
tt1981128,Thriller
tt0100404,Mystery
tt0100404,Thriller
tt0870154,Action
tt0870154,Adventure
tt0870154,Comedy
tt0306047,Comedy
tt3062096,Action
tt3062096,Adventure
tt3062096,Crime
tt0478311,Comedy
tt0478311,Romance
tt1133985,Action
tt1133985,Adventure
tt1133985,Sci-Fi
tt1033643,Comedy
tt1033643,Romance
tt0362227,Comedy
tt0362227,Drama
tt0362227,Romance
tt3281548,Drama
tt3281548,Romance
tt1535109,Action
tt1535109,Biography
tt1535109,Crime
tt0120794,Animation
tt0120794,Adventure
tt0120794,Drama
tt0790724,Action
tt0790724,Mystery
tt0790724,Thriller
tt0320661,Action
tt0320661,Adventure
tt0320661,Drama
tt4877122,Animation
tt4877122,Adventure
tt4877122,Comedy
tt15474916,Horror
tt15474916,Mystery
tt15474916,Thriller
tt16254308,Comedy
tt0829150,Action
tt0829150,Drama
tt0829150,Fantasy
tt1489889,Action
tt1489889,Comedy
tt1489889,Crime
tt0405159,Drama
tt0405159,Sport
tt1454029,Drama
tt0096320,Comedy
tt0096320,Crime
tt0817230,Comedy
tt0817230,Romance
tt1284575,Comedy
tt1284575,Romance
tt12497408,Drama
tt12497408,Family
tt2850386,Animation
tt2850386,Adventure
tt2850386,Comedy
tt0109444,Action
tt0109444,Crime
tt0109444,Drama
tt0055254,Animation
tt0055254,Adventure
tt0055254,Comedy
tt2637276,Comedy
tt0103874,Drama
tt0103874,Fantasy
tt0103874,Horror
tt0190865,Action
tt0190865,Adventure
tt0190865,Drama
tt0097428,Action
tt0097428,Comedy
tt0097428,Fantasy
tt0187393,Action
tt0187393,Drama
tt0187393,History
tt0963966,Action
tt0963966,Adventure
tt0963966,Family
tt1564367,Comedy
tt1564367,Romance
tt2333784,Action
tt2333784,Adventure
tt2333784,Thriller
tt0092890,Drama
tt0092890,Music
tt0092890,Romance
tt6343314,Action
tt6343314,Drama
tt6343314,Sport
tt6182908,Animation
tt6182908,Adventure
tt6182908,Comedy
tt1152836,Action
tt1152836,Biography
tt1152836,Crime
tt0258463,Action
tt0258463,Mystery
tt0258463,Thriller
tt0109635,Drama
tt0109635,Thriller
tt0110912,Crime
tt0110912,Drama
tt0338751,Biography
tt0338751,Drama
tt0112573,Biography
tt0112573,Drama
tt0112573,History
tt2180411,Adventure
tt2180411,Comedy
tt2180411,Drama
tt0960731,Adventure
tt0960731,Comedy
tt0960731,Family
tt0212346,Action
tt0212346,Comedy
tt0212346,Crime
tt0137494,Action
tt0137494,Crime
tt0137494,Romance
tt0112281,Adventure
tt0112281,Comedy
tt0112281,Crime
tt0146675,Action
tt0146675,Fantasy
tt0146675,Horror
tt1473832,Comedy
tt1473832,Drama
tt1473832,Romance
tt2713180,Action
tt2713180,Drama
tt2713180,War
tt1217613,Action
tt1217613,Adventure
tt1217613,Sci-Fi
tt0455824,Adventure
tt0455824,Drama
tt0455824,Romance
tt1231583,Comedy
tt1231583,Drama
tt0311113,Action
tt0311113,Adventure
tt0311113,Drama
tt0339291,Adventure
tt0339291,Comedy
tt0339291,Family
tt0097757,Animation
tt0097757,Adventure
tt0097757,Family
tt15783462,Comedy
tt15783462,Drama
tt1136608,Action
tt1136608,Sci-Fi
tt1136608,Thriller
tt0079574,Action
tt0079574,Adventure
tt0079574,Sci-Fi
tt0230600,Horror
tt0230600,Mystery
tt0230600,Thriller
tt1499658,Comedy
tt1499658,Crime
tt0289765,Crime
tt0289765,Drama
tt0289765,Thriller
tt1964418,Action
tt1964418,Adventure
tt1964418,Family
tt2674426,Drama
tt2674426,Romance
tt2906216,Action
tt2906216,Adventure
tt2906216,Comedy
tt1599348,Action
tt1599348,Thriller
tt0257076,Action
tt0257076,Adventure
tt0257076,Crime
tt8912936,Animation
tt8912936,Action
tt8912936,Adventure
tt0232500,Action
tt0232500,Crime
tt0232500,Thriller
tt0181865,Crime
tt0181865,Drama
tt0181865,Thriller
tt1778304,Horror
tt1778304,Mystery
tt0107818,Drama
tt7069210,Horror
tt7069210,Mystery
tt7069210,Thriller
tt0162661,Fantasy
tt0162661,Horror
tt0162661,Mystery
tt0457939,Comedy
tt0457939,Romance
tt0061852,Animation
tt0061852,Adventure
tt0061852,Comedy
tt8165192,Action
tt8165192,Adventure
tt8165192,Crime
tt3300542,Action
tt3300542,Thriller
tt0452594,Comedy
tt0452594,Drama
tt0452594,Romance
tt2017561,Action
tt2017561,Adventure
tt2017561,Comedy
tt1142988,Comedy
tt1142988,Romance
tt0102138,Drama
tt0102138,History
tt0102138,Thriller
tt7713068,Action
tt7713068,Comedy
tt7713068,Crime
tt2334879,Action
tt2334879,Drama
tt2334879,Thriller
tt1753383,Adventure
tt1753383,Comedy
tt1753383,Drama
tt0876563,Animation
tt0876563,Adventure
tt0876563,Comedy
tt0369441,Comedy
tt0369441,Crime
tt0879870,Biography
tt0879870,Drama
tt0879870,Romance
tt1620981,Animation
tt1620981,Comedy
tt1620981,Family
tt4513678,Adventure
tt4513678,Comedy
tt4513678,Fantasy
tt0960144,Action
tt0960144,Comedy
tt0427327,Comedy
tt0427327,Drama
tt0427327,Musical
tt0349683,Action
tt0349683,Adventure
tt0349683,Drama
tt1302067,Animation
tt1302067,Adventure
tt1302067,Comedy
tt2719848,Action
tt2719848,Adventure
tt2719848,Biography
tt0259711,Fantasy
tt0259711,Mystery
tt0259711,Romance
tt2543164,Drama
tt2543164,Mystery
tt2543164,Sci-Fi
tt2369135,Action
tt2369135,Adventure
tt2369135,Crime
tt0356634,Animation
tt0356634,Adventure
tt0356634,Comedy
tt0129290,Biography
tt0129290,Comedy
tt0129290,Drama
tt0100758,Action
tt0100758,Adventure
tt0100758,Comedy
tt0099938,Action
tt0099938,Comedy
tt0099938,Crime
tt1398426,Biography
tt1398426,Drama
tt1398426,History
tt1232829,Action
tt1232829,Comedy
tt1232829,Crime
tt0985699,Drama
tt0985699,History
tt0985699,Thriller
tt0400717,Animation
tt0400717,Adventure
tt0400717,Comedy
tt0239395,Action
tt0239395,Adventure
tt0239395,Comedy
tt0099810,Action
tt0099810,Adventure
tt0099810,Thriller
tt1854564,Adventure
tt1854564,Family
tt1854564,Fantasy
tt3513498,Animation
tt3513498,Action
tt3513498,Adventure
tt0313737,Comedy
tt0313737,Romance
tt1245526,Action
tt1245526,Comedy
tt1245526,Crime
tt0120632,Drama
tt0120632,Fantasy
tt0120632,Romance
tt0395699,Action
tt0395699,Comedy
tt0395699,Drama
tt0343660,Comedy
tt0343660,Drama
tt0343660,Romance
tt1386703,Action
tt1386703,Adventure
tt1386703,Sci-Fi
tt8755316,Comedy
tt8755316,Drama
tt1649419,Adventure
tt1649419,Drama
tt1649419,History
tt2459022,Adventure
tt2459022,Comedy
tt2459022,Drama
tt4575576,Adventure
tt4575576,Comedy
tt4575576,Drama
tt1351685,Action
tt1351685,Adventure
tt1351685,Fantasy
tt2398241,Animation
tt2398241,Adventure
tt2398241,Comedy
tt13696296,Drama
tt0338459,Action
tt0338459,Adventure
tt0338459,Comedy
tt0258000,Crime
tt0258000,Drama
tt0258000,Thriller
tt2203939,Comedy
tt2203939,Romance
tt0111282,Action
tt0111282,Adventure
tt0111282,Sci-Fi
tt0442933,Animation
tt0442933,Action
tt0442933,Adventure
tt1606389,Drama
tt1606389,Romance
tt0305224,Comedy
tt0942385,Action
tt0942385,Comedy
tt0942385,War
tt5580390,Drama
tt5580390,Fantasy
tt5580390,Romance
tt2066051,Biography
tt2066051,Drama
tt2066051,Music
tt0107798,Crime
tt0107798,Drama
tt0107798,Mystery
tt3691740,Adventure
tt3691740,Family
tt3691740,Fantasy
tt6398184,Drama
tt6398184,Romance
tt2361509,Comedy
tt2361509,Drama
tt0312004,Animation
tt0312004,Adventure
tt0312004,Comedy
tt0377981,Animation
tt0377981,Adventure
tt0377981,Comedy
tt0164184,Action
tt0164184,Drama
tt0164184,Thriller
tt0217505,Crime
tt0217505,Drama
tt6294822,Biography
tt6294822,Drama
tt6294822,History
tt4591310,Action
tt4591310,Adventure
tt4591310,Fantasy
tt1179904,Horror
tt1179904,Mystery
tt9426210,Animation
tt9426210,Drama
tt9426210,Fantasy
tt13320622,Action
tt13320622,Adventure
tt13320622,Comedy
tt0455944,Action
tt0455944,Crime
tt0455944,Thriller
tt11210032,Crime
tt11210032,Drama
tt11210032,Thriller
tt0101272,Comedy
tt0101272,Fantasy
tt0398165,Comedy
tt0398165,Crime
tt0398165,Sport
tt0111070,Comedy
tt0111070,Drama
tt0111070,Family
tt0349205,Comedy
tt0349205,Family
tt3766354,Action
tt3766354,Crime
tt3766354,Thriller
tt6324278,Animation
tt6324278,Adventure
tt6324278,Comedy
tt0164052,Action
tt0164052,Horror
tt0164052,Sci-Fi
tt0114069,Action
tt0114069,Drama
tt0114069,Thriller
tt8239806,Action
tt8239806,Crime
tt0120902,Drama
tt0120902,Mystery
tt0120902,Sci-Fi
tt3890264,Comedy
tt3890264,Drama
tt3890264,Romance
tt0095956,Action
tt0095956,Adventure
tt0095956,Thriller
tt0359950,Adventure
tt0359950,Comedy
tt0359950,Drama
tt7183578,Action
tt7183578,Crime
tt7183578,Mystery
tt0077766,Adventure
tt0077766,Horror
tt0077766,Thriller
tt2024544,Biography
tt2024544,Drama
tt2024544,History
tt0113277,Action
tt0113277,Crime
tt0113277,Drama
tt1396218,Comedy
tt1396218,Family
tt1396218,Fantasy
tt0391198,Horror
tt0391198,Mystery
tt0391198,Thriller
tt16183464,Animation
tt16183464,Action
tt16183464,Adventure
tt0762107,Comedy
tt0762107,Romance
tt0119314,Drama
tt0119314,Romance
tt0119314,Western
tt0358273,Biography
tt0358273,Drama
tt0358273,Music
tt4818250,Comedy
tt0283426,Animation
tt0283426,Adventure
tt0283426,Comedy
tt1144884,Horror
tt1144884,Thriller
tt0230011,Animation
tt0230011,Action
tt0230011,Adventure
tt0454848,Crime
tt0454848,Drama
tt0454848,Mystery
tt0120484,Comedy
tt0120484,Sport
tt0970179,Adventure
tt0970179,Drama
tt0970179,Family
tt4765284,Comedy
tt4765284,Music
tt0409459,Action
tt0409459,Drama
tt0409459,Mystery
tt0115685,Comedy
tt0203009,Drama
tt0203009,Musical
tt0203009,Romance
tt0029583,Animation
tt0029583,Adventure
tt0029583,Family
tt3812366,Drama
tt3812366,War
tt1411704,Animation
tt1411704,Adventure
tt1411704,Comedy
tt4651520,Comedy
tt1617661,Action
tt1617661,Adventure
tt1617661,Sci-Fi
tt0448011,Action
tt0448011,Mystery
tt0448011,Sci-Fi
tt0211181,Adventure
tt0211181,Comedy
tt0211181,Family
tt4624424,Animation
tt4624424,Adventure
tt4624424,Comedy
tt3331846,Animation
tt3331846,Comedy
tt3331846,Drama
tt1959563,Action
tt1959563,Comedy
tt1959563,Crime
tt1114740,Action
tt1114740,Comedy
tt1114740,Crime
tt0105793,Comedy
tt0105793,Music
tt0110478,Action
tt0110478,Adventure
tt0110478,Comedy
tt1667353,Adventure
tt1667353,Comedy
tt1667353,Drama
tt0120744,Action
tt0120744,Adventure
tt0120744,Drama
tt0101540,Crime
tt0101540,Thriller
tt0338094,Comedy
tt0338094,Family
tt0338094,Fantasy
tt1717715,Action
tt1717715,Adventure
tt1717715,Family
tt0114924,Comedy
tt0114924,Drama
tt0114924,Romance
tt0112579,Drama
tt0112579,Romance
tt5237980,Comedy
tt5237980,Drama
tt0409182,Action
tt0409182,Adventure
tt0409182,Thriller
tt0116313,Comedy
tt0331632,Adventure
tt0331632,Comedy
tt0331632,Family
tt0102059,Action
tt0102059,Comedy
tt0257044,Crime
tt0257044,Drama
tt0257044,Thriller
tt0266697,Action
tt0266697,Crime
tt0266697,Thriller
tt0277296,Action
tt0277296,Adventure
tt0277296,Fantasy
tt0256415,Comedy
tt0256415,Romance
tt5657846,Comedy
tt2119532,Biography
tt2119532,Drama
tt2119532,History
tt0453467,Action
tt0453467,Crime
tt0453467,Sci-Fi
tt0112792,Biography
tt0112792,Drama
tt1645170,Comedy
tt0311429,Action
tt0311429,Adventure
tt0311429,Fantasy
tt0287978,Action
tt0287978,Crime
tt0101587,Comedy
tt0101587,Western
tt1001508,Comedy
tt1001508,Drama
tt1001508,Romance
tt8760708,Horror
tt8760708,Sci-Fi
tt8760708,Thriller
tt1059786,Action
tt1059786,Mystery
tt1059786,Thriller
tt0343135,Comedy
tt0343135,Romance
tt0424095,Animation
tt0424095,Action
tt0424095,Adventure
